img_id,cattr_hu2,cattr_hu1,cattr_color_yellow_ratio,cattr_color_red_ratio,cattr_lbp_energy,cattr_color_orange_ratio,cattr_sat_mean,cattr_hu3
180,0.0010650563506965104,0.3117892976565062,0.14287707270408162,0.029057716836734693,0.04254072904586792,0.2557397959183674,0.23979702591896057,0.0007801627397057967
213,0.00029085897634993304,0.22332104007418146,0.009526466836734694,0.00914779974489796,0.0382065549492836,0.23377710459183673,0.22151291370391846,0.0003122332797788725
325,0.0002043345957266826,0.30172997721308714,0.28806600765306123,0.00643734056122449,0.03973282873630524,0.19052933673469388,0.3939509987831116,0.0001821508339427324
412,0.014552713422592553,0.7107672172189828,0.05291374362244898,0.0,0.03933792561292648,0.05084103954081633,0.09707993268966675,0.12093126365786118
503,0.000927824637810237,0.19249347510776815,0.009785554846938776,0.023497289540816327,0.04532453790307045,0.02090640943877551,0.2515209913253784,0.000589278230464754
562,2.0057908792968019e-07,0.1684506279517064,0.08830915178571429,0.006118463010204082,0.03716008737683296,0.435367506377551,0.44672584533691406,2.4248889174747184e-07
646,0.05772093650959443,0.35412575071245594,0.022261639030612245,0.0005978954081632653,0.03907492384314537,0.05606265943877551,0.16566212475299835,0.0009729049395382835
699,0.000382413984538809,0.22261996015248287,0.0021324936224489796,0.00015943877551020407,0.07734383642673492,0.0021324936224489796,0.2842790484428406,2.1619601947524287e-06
702,0.0019096018491605504,0.29606035309975753,0.05528539540816327,0.11533402423469388,0.042443472892045975,0.09327168367346939,0.2536064684391022,0.001173588746185632
742,2.177406898039726e-05,0.17166534433877978,0.026167889030612245,0.05624202806122449,0.039668891578912735,0.5241350446428571,0.3926089107990265,1.5808743468979647e-05
773,8.875632822574085e-07,0.17461271577461512,0.38928970025510207,0.0074338329081632655,0.04474963992834091,0.01572464923469388,0.5170933604240417,5.463584331454422e-07
775,0.005515663133193684,0.20152510063720255,0.05096061862244898,5.978954081632653e-05,0.03906721621751785,0.05725845025510204,0.2817472517490387,0.00010404351522426784
791,0.000278097315690085,0.23417365285364827,0.030911192602040817,0.0003587372448979592,0.04890631511807442,0.021504304846938774,0.24833698570728302,2.980755493878912e-05
839,2.2623667741778112e-07,0.168875646373617,0.04081632653061224,0.02879862882653061,0.04321105033159256,0.8216278698979592,0.5200498104095459,3.517910030274056e-08
853,2.966609460260194e-06,0.18714642171348772,0.07489636479591837,0.04544005102040816,0.0394795797765255,0.10493064413265306,0.42712414264678955,8.376734874602837e-07
892,0.00023279737213088977,0.24483443142428246,0.057138871173469385,0.009107940051020409,0.04278748482465744,0.01118064413265306,0.21345524489879608,0.00030543768438040124
894,0.0005050470691780275,0.18317193837919254,0.21456473214285715,0.0005580357142857143,0.06370754539966583,0.037966358418367346,0.3581202030181885,1.0366924122929661e-05
916,0.0001747031581474592,0.2132578711832873,0.05996890943877551,0.3341039540816326,0.05383717641234398,0.09859295280612244,0.300950288772583,0.0003603568893299123
927,0.0033648869488824736,0.27467420308866924,0.15581154336734693,0.03115035076530612,0.0687216967344284,0.0872329400510204,0.19853273034095764,0.01331676189038896
935,0.0002625138675575418,0.2040033213444367,0.044025031887755105,0.19762436224489796,0.04968089237809181,0.09610172193877552,0.4864962100982666,0.00014555065292620934
937,0.0026113251950835178,0.183278852893545,0.002889827806122449,0.38438695790816324,0.04016369953751564,0.03884327168367347,0.267903596162796,0.0005966463954862736
947,0.0006344749652554296,0.23772471034655573,0.0,0.2842394770408163,0.05553554743528366,0.4082629145408163,0.36314553022384644,0.0007268888238492603
998,0.6689990750096956,1.9587964550602106,0.028439891581632654,0.002152423469387755,0.04256182536482811,0.0696548150510204,0.13613462448120117,0.7394389072906056
999,0.0002670587981671805,0.2280778782877291,0.0038863201530612247,0.0007573341836734694,0.04409325495362282,0.02431441326530612,0.30447447299957275,0.00020636925273131686
1014,0.000632059823762367,0.2831665183363007,0.03555484693877551,0.00015943877551020407,0.06289368867874146,0.003308354591836735,0.2917834520339966,0.0003266827927480641
1047,3.471893250510527e-05,0.2525959517081867,0.5069953762755102,0.001096141581632653,0.04071687161922455,0.023776307397959183,0.36866775155067444,2.5099006934490574e-05
1062,0.00029665706286749894,0.1937875987723388,0.0036073022959183672,0.2124920280612245,0.03924084082245827,0.055385044642857144,0.3413774073123932,0.00047869569707988205
1083,5.670729352261788e-07,0.16677614504008745,0.24314413265306123,0.0,0.07314205169677734,0.10670440051020408,0.8289952874183655,9.938888858226018e-08
1146,4.759896293978541e-05,0.18893171559608143,0.4438376913265306,0.0036073022959183672,0.058844905346632004,0.0447624362244898,0.5468925833702087,0.0001176386724624995
1148,8.25154450254446e-05,0.21057389039920055,0.3540736607142857,0.007912149234693877,0.04525837302207947,0.34731744260204084,0.38002678751945496,4.187933129023742e-05
1152,0.00039412132122671774,0.20231814509048826,0.028380102040816327,0.021205357142857144,0.041606150567531586,0.11094945790816327,0.3976384699344635,2.9843330157861207e-06
1165,0.0013587077895296617,0.25127127371500213,0.1610530931122449,0.007752710459183673,0.042204469442367554,0.03360172193877551,0.2563112676143646,0.0006126494442494828
1166,0.0020347036343772136,0.23271361009822855,0.02955596301020408,0.0034080038265306123,0.054249003529548645,0.5346978635204082,0.4473682641983032,0.0006120347899679337
1171,0.04993776136045061,0.44888841383344996,0.019232302295918366,3.985969387755102e-05,0.0527547225356102,0.05351163903061224,0.13090002536773682,0.0077264412516873104
1174,0.0002983447955538736,0.27273458322601885,0.021205357142857144,0.08759167729591837,0.0444299690425396,0.24021444515306123,0.2621031403541565,4.942115691968683e-05
1405,0.0037313130914660257,0.21334756818493683,0.005002391581632653,0.028121014030612245,0.04552850499749184,0.33238998724489793,0.20894837379455566,0.0013543760249671306
1419,0.0009519856299866963,0.36372571093744765,0.08161272321428571,0.05365114795918367,0.06212763488292694,0.004245057397959184,0.22189994156360626,0.009350619400741859
1422,0.0034657748564298732,0.267242874962598,0.06259964923469388,0.016980229591836735,0.036111295223236084,0.06744260204081633,0.20942652225494385,0.0011728041962732623
1426,7.0643954921880005e-06,0.17344884794722976,0.277523118622449,0.003866390306122449,0.04494938626885414,0.2916932397959184,0.2947262227535248,6.831554991803254e-07
1444,0.0027970364237822486,0.28926930930097694,0.014807876275510204,0.0016741071428571428,0.0386689193546772,0.0914779974489796,0.14676246047019958,0.004516767260231611
1454,0.0004691253936994363,0.19498516279787187,0.13538345025510204,0.003567442602040816,0.04081307351589203,0.43026546556122447,0.35505273938179016,1.4621367916268873e-05
1506,0.058483227745220745,0.5056510993251272,0.0,0.0,0.043009333312511444,0.0,0.17051205039024353,0.015250125270448394
1521,2.9713356560380074e-07,0.16686298432593016,0.5747767857142857,0.000817123724489796,0.05385706573724747,0.02939652423469388,0.39959225058555603,7.299147537047138e-08
1582,0.00024595418309948826,0.20021076760622342,0.4444953762755102,0.006796077806122449,0.035246387124061584,0.26157924107142855,0.30903297662734985,0.00011604297891119178
1621,0.0019057909062010132,0.2517258613824316,0.002311862244897959,0.026805644132653062,0.03764142841100693,0.14475047831632654,0.1633034497499466,0.005785585111860276
1624,0.0034853790322707085,0.2476139105569175,0.0,0.0,0.08398192375898361,0.00023915816326530612,0.21956190466880798,0.01179765269293193
1627,0.0003804632678756164,0.2406038174810562,0.10168207908163265,1.992984693877551e-05,0.04231715947389603,0.01793686224489796,0.2900797128677368,0.0016274078917607009
1659,0.0010556890266267753,0.2724801627475527,0.0,0.0,0.0664038136601448,0.0,0.3568544089794159,0.000493966994983484
1685,0.0012608734853263065,0.271381785629743,3.985969387755102e-05,0.0038863201530612247,0.04544449225068092,0.012635522959183673,0.0920690968632698,0.009427829128253767
1941,0.0004022327730505801,0.19641910464414633,0.15027104591836735,0.05494658801020408,0.03853394091129303,0.20308514030612246,0.37890806794166565,7.588568867749692e-05
1960,0.015532983198100784,0.27413736040177883,0.08553890306122448,0.10210060586734694,0.05252065509557724,0.2125518176020408,0.24838827550411224,0.002832561385610261
1964,0.0003603014200154051,0.20076882545142283,0.17711654974489796,0.2323620854591837,0.04239220544695854,0.4034797512755102,0.31113672256469727,0.00015785390258392362
1976,0.019950698194128702,0.2748485985787028,0.0,0.1551139987244898,0.045239709317684174,0.009526466836734694,0.11044855415821075,0.002314088000204097
1979,0.052508857109293414,0.7089909834360538,3.985969387755102e-05,0.09183673469387756,0.05376574397087097,0.06269929846938775,0.10602280497550964,0.18813670791373244
2131,0.0,0.16666322314049586,0.7470304528061225,0.00023915816326530612,0.04554538428783417,0.24786750637755103,0.5359164476394653,0.0
2357,0.0008963943578722308,0.21219688919313678,0.003946109693877551,0.22879464285714285,0.0398765504360199,0.18598533163265307,0.4055456817150116,0.00022588358424273456
2594,0.001298619517778442,0.2094547027350856,0.0002192283163265306,0.015465561224489796,0.042070407420396805,0.39413265306122447,0.2490730732679367,0.00235949265416627
2668,0.0021753668649538813,0.29118320620134014,0.2136280293367347,0.00047831632653061223,0.046069901436567307,0.05638153698979592,0.29227393865585327,0.0004400672482409926
2689,1.5516215305160693e-06,0.16891463929925568,0.5219029017857143,0.0001992984693877551,0.050922706723213196,0.026407047193877552,0.5175552368164062,4.549945450963163e-06
2718,1.5731527048953823e-05,0.18504720520887175,0.007752710459183673,0.033522002551020405,0.12792937457561493,0.8391462053571429,0.4658246338367462,2.258703262535753e-06
2723,0.0005692397514263844,0.26466065365519975,0.4809470663265306,0.03846460459183673,0.07281170040369034,0.13406808035714285,0.2471727877855301,0.0003220090449448191
2765,0.048220242079990136,0.40331267411220567,0.023816167091836735,0.030711894132653062,0.1555023044347763,0.16005660076530612,0.13157139718532562,0.0066350931419391496
3022,0.1344301399758584,0.5743008618199652,0.001096141581632653,0.00430484693877551,0.04937956482172012,0.10656489158163265,0.07908570021390915,0.1184899168575426
3080,0.013570123543347393,0.2725440488445716,0.0013552295918367347,0.020049426020408163,0.03635981306433678,0.09520487882653061,0.23356960713863373,0.005487682439545788
3134,3.043923033906691e-07,0.1667324144233195,0.8205516581632653,0.0,0.03666236996650696,0.16454081632653061,0.6675930619239807,9.063042975125677e-08
3135,0.001325081631370815,0.21425338937034386,0.15296157525510204,0.0005181760204081633,0.046595677733421326,0.4578483737244898,0.44824475049972534,0.0008659189633301134
3164,0.00021736272821893337,0.20486885249188358,0.03886320153061224,0.00015943877551020407,0.03608761727809906,0.4699856505102041,0.3112061023712158,0.00022386953945259235
3170,0.00025341651734636124,0.1986181011554829,0.12601642219387754,0.04878826530612245,0.04496787488460541,0.4398915816326531,0.3880052864551544,1.2268299790755766e-05
3184,9.34337269753818e-07,0.1732869197106274,0.13817362882653061,0.0047831632653061226,0.03979102149605751,0.692741549744898,0.7002971172332764,4.1667012263057474e-07
3187,0.0030763702342701707,0.18845314022840123,0.31423389668367346,0.013173628826530613,0.036840494722127914,0.357242506377551,0.43925145268440247,0.0008947491792769113
3281,0.000637428859672321,0.23938656729877772,0.051080197704081634,0.018255739795918366,0.04100529104471207,0.022401147959183673,0.41112133860588074,8.643648935883387e-06
3284,0.00012451888093158723,0.2652884668284845,0.061423788265306124,0.026247608418367346,0.05668536573648453,0.01865433673469388,0.3350377678871155,8.205622650810333e-05
3292,0.00023582686339702742,0.2973259512632578,0.05781648596938776,0.04545998086734694,0.041801609098911285,0.1942761479591837,0.2787245213985443,0.0001686052159605913
3360,2.189210026998222e-05,0.34247890333424746,3.985969387755102e-05,0.01642219387755102,0.04212388023734093,0.010981345663265306,0.18317648768424988,0.014532262868769293
3376,0.003525760366769594,0.3212666304919085,0.0010363520408163266,0.001833545918367347,0.05154671519994736,0.3303172831632653,0.18314124643802643,0.004310157563734138
3381,0.02267476909725394,0.4440263855597565,0.0015744579081632653,0.02423469387755102,0.03980863839387894,0.08767139668367346,0.14816811680793762,0.016761534878095594
3462,0.6070936439847677,1.1871125532427271,0.0001992984693877551,0.006796077806122449,0.03968725726008415,0.0030691964285714285,0.09717973321676254,0.32143690995483365
3585,0.0033136556374480843,0.486080460709026,0.00023915816326530612,0.021683673469387755,0.041738249361515045,0.10495057397959184,0.09421667456626892,0.09647559323371938
3620,0.0005410141947555302,0.235291947274028,0.00011957908163265306,0.0,0.045756250619888306,0.0008769132653061224,0.276012122631073,0.00022842487072870593
3640,0.7811801213509062,1.2406971452235556,0.0007573341836734694,0.0,0.04740539938211441,0.04049744897959184,0.0800224021077156,0.8862467907942717
3702,3.7732230858221163,2.7203793073304734,0.003009406887755102,0.0,0.039570413529872894,0.0022122130102040817,0.03988431394100189,10.188691876690527
3751,0.09989618942954347,0.8899716780867972,0.002152423469387755,0.015106823979591837,0.035258833318948746,0.08607700892857142,0.14156663417816162,0.035631340685095304
4288,0.045150959769494264,0.39019010664056497,0.0,0.0034080038265306123,0.16078057885169983,0.003627232142857143,0.16766482591629028,0.03493108433630499
4411,0.012700277621416279,0.699206687347004,0.042071906887755105,0.00013950892857142856,0.0514022558927536,0.014847735969387755,0.12118380516767502,0.027138311303353722
4474,0.012872447113638427,0.2476140555126221,0.1084781568877551,0.0001793686224489796,0.0669417604804039,0.15367904974489796,0.22797393798828125,0.00261753653873078
4602,0.0005778120892711264,0.26098300182718204,0.3839485012755102,0.0008569834183673469,0.039544686675071716,0.05406967474489796,0.5370107293128967,0.0001443540995554051
4613,7.317532828760621e-05,0.22592725716454903,0.15481505102040816,0.0010363520408163266,0.05090612918138504,0.004623724489795918,0.3736664056777954,9.067530200726559e-07
4624,0.005090054927471416,0.39929781433926903,0.017119738520408163,0.017538265306122448,0.0411398708820343,0.07118941326530612,0.1173790693283081,0.009304004757422058
4635,0.004831397393580331,0.29337226161294866,0.017418686224489797,5.978954081632653e-05,0.04314804822206497,0.028918207908163265,0.15728214383125305,0.006519230197418422
4675,0.0001624215535804098,0.2613571607583337,0.07971938775510204,0.0007772640306122449,0.03999985009431839,0.6147161989795918,0.3392304480075836,1.9487941435164486e-06
4700,0.0006697782686507345,0.311484696475672,0.18634406887755103,0.00027901785714285713,0.05210421234369278,0.2635921556122449,0.24182355403900146,0.0005270916160617369
4913,0.018814400295830872,0.4233191314354313,0.0028698979591836736,0.011738679846938776,0.037773266434669495,0.12665417729591838,0.09256217628717422,0.03437696649453127
5093,0.009428735009970358,0.2756532080082295,0.057118941326530615,0.0,0.04414331167936325,0.31943558673469385,0.265951007604599,0.004651324582764362
5116,0.03440982608157929,0.32411262466513696,0.08057637117346939,0.0034478635204081634,0.046188563108444214,0.017877072704081634,0.1161298155784607,0.008966521390979297
5278,0.00018750835861633644,0.2091933258416359,0.0023915816326530613,0.0034478635204081634,0.04037661850452423,0.7618383290816326,0.3396446704864502,5.604037275274151e-05
5297,0.0006315266415242388,0.20728233547339975,0.032525510204081634,0.013034119897959183,0.050211191177368164,0.680305325255102,0.2616423964500427,4.6402428939795033e-05
5304,0.03151299261335019,0.43810004965435895,0.00033880739795918367,0.0007971938775510204,0.056957073509693146,0.004603794642857143,0.11190468817949295,0.02196634773189637
5317,0.0017528636713252082,0.2584834550132833,0.006955516581632653,0.0023915816326530613,0.039409246295690536,0.03756776147959184,0.21266226470470428,0.0009519463303054146
5321,0.03194016904248766,0.5690752692350312,0.02375637755102041,5.978954081632653e-05,0.08617046475410461,0.048708545918367346,0.1284397542476654,0.06653776866829535
5399,0.00035094471359602353,0.20701984837335874,0.05104033801020408,0.0004185267857142857,0.035429179668426514,0.5877710459183674,0.3539019525051117,8.855670643412943e-05
5417,0.0007693958795790369,0.2491018018802424,0.43730070153061223,0.0,0.039870429784059525,0.030652104591836735,0.3391379117965698,0.0002403578900815354
5422,0.5172156145999808,0.9924078959327394,0.047951211734693876,0.0018933354591836734,0.03707552328705788,0.012097417091836735,0.10024002939462662,0.02887286550276479
5441,0.03018913541288415,0.36671310431118176,0.14439174107142858,0.0002192283163265306,0.04759318381547928,0.039939413265306124,0.18158836662769318,0.0005291282415613883
5450,0.003817896309068881,0.32449694503658166,0.5229791135204082,0.0,0.06098535656929016,0.023736447704081634,0.22271345555782318,0.0003442786083014138
5454,0.0022095602959115368,0.27087885478826845,0.007374043367346939,1.992984693877551e-05,0.0468134768307209,0.013432716836734694,0.3719068169593811,0.0004361509160682739
5509,1.0937095565604015e-05,0.17439910621301846,0.5278220663265306,0.03342235331632653,0.05394923314452171,0.32266422193877553,0.5743168592453003,1.0185453384628924e-05
5521,0.002635293398299751,0.26120136501030367,0.025510204081632654,0.0005381058673469387,0.037025608122348785,0.16220902423469388,0.2213425189256668,0.0047865078901134965
5526,0.010045699920706926,0.22138749604560704,0.0595703125,0.005181760204081632,0.03824608027935028,0.14945392219387754,0.2884249687194824,0.0015835896253658542
5553,0.00015974194787554444,0.17362810459837252,0.04779177295918367,0.025849011479591837,0.04541286453604698,0.1952327806122449,0.4900118410587311,5.4769816172384465e-06
5570,0.0022523657283243835,0.18083773097307348,0.18299585459183673,5.978954081632653e-05,0.04706878215074539,0.49374202806122447,0.33693361282348633,3.509013790611932e-05
5581,0.007815795090165913,0.22511527997833033,0.02955596301020408,0.07427853954081633,0.22091373801231384,0.07294323979591837,0.21544063091278076,0.0030759956664620095
5613,6.0312264967911925e-05,0.18194556216044316,0.2762476084183674,0.00528140943877551,0.04371311888098717,0.29747289540816324,0.5598945617675781,8.639945663189934e-07
5648,0.0004485558462616945,0.20298900261332975,0.015405771683673469,0.09761639030612244,0.05187796801328659,0.059869260204081634,0.3244554102420807,0.00029938892073989447
5745,0.011990983307370192,0.3682331458589053,0.15433673469387754,0.03260522959183673,0.035142309963703156,0.16330516581632654,0.2101343721151352,0.010177063279903784
5748,0.00021338863860095658,0.20563883408277844,0.16212930484693877,0.00027901785714285713,0.03715100139379501,0.6396085778061225,0.4274559020996094,1.527753517382471e-05
5750,7.852820085430277e-05,0.18351188878398178,0.2753308354591837,7.971938775510203e-05,0.04913600906729698,0.08559869260204081,0.5115678310394287,8.255579431498535e-06
5751,0.00033195390816193006,0.2223319733815302,0.01971061862244898,0.39150191326530615,0.03998861089348793,0.2098812181122449,0.3128563165664673,1.6056531227530213e-05
5752,0.001170104441057483,0.17998963373220467,0.1598174426020408,0.02060746173469388,0.060024019330739975,0.6317362882653061,0.30118653178215027,0.0003549911699391552
5757,0.0,0.16666322314049586,0.017558195153061226,0.00025908801020408165,0.04057570546865463,0.9798309948979592,0.5105470418930054,0.0
5774,0.0001224246751379178,0.26535475276665577,0.16374362244897958,0.018255739795918366,0.03495026379823685,0.36989795918367346,0.2261142134666443,0.0001698842953813308
5780,0.032479411740094985,0.3350594974843436,0.08179209183673469,0.0034279336734693877,0.04335096478462219,0.10666454081632654,0.09422871470451355,0.01761285262561248
5791,0.009932012223620624,0.3112856962891591,0.11704799107142858,0.008091517857142858,0.04845982789993286,0.17663823341836735,0.16689792275428772,0.0035583382991536973
5795,0.0004973709375387401,0.24392890666079314,0.013213488520408163,0.04563934948979592,0.036232542246580124,0.3496890943877551,0.2944863736629486,0.00048005248320643766
5802,0.010550072420247204,0.39448631016106994,0.18369339923469388,0.020527742346938774,0.04467906057834625,0.2209422831632653,0.25700244307518005,0.003312617993425916
5803,4.094528399480897e-08,0.16694003814161085,0.09072066326530612,0.0026307397959183672,0.04364501312375069,0.7952208227040817,0.5117479562759399,1.5390865345322533e-08
5804,0.00013959395391641388,0.19774359496886518,0.37149234693877553,0.001175860969387755,0.03765095770359039,0.3518016581632653,0.3103380501270294,5.0619376265295055e-05
6042,3.5007142067338874e-06,0.19336542011648267,0.002730389030612245,0.001992984693877551,0.0391567125916481,0.2856943558673469,0.24854552745819092,2.738512084920051e-05
6053,0.0014765586577699112,0.1906581162380835,0.0014349489795918368,0.0025111607142857145,0.03968142718076706,0.3136360012755102,0.19205144047737122,0.001115067467542534
6056,0.0008224243592239132,0.22292903234578923,0.03443877551020408,0.025689572704081634,0.039971973747015,0.10542889030612244,0.2266913801431656,0.0003756474481194566
6081,3.198904475886219,3.812991286055593,0.012197066326530613,9.964923469387755e-05,0.03374665603041649,0.016083386479591837,0.05887206643819809,49.514449191557546
6093,6.549324487971824e-08,0.16777520968099563,0.007752710459183673,0.0005779655612244898,0.06719960272312164,0.378109056122449,0.47918054461479187,2.692770860914877e-09
6188,0.0182885317474971,0.4656148902853684,0.01805644132653061,0.08163265306122448,0.03668724000453949,0.10518973214285714,0.2532002031803131,0.006531247397756703
6305,4.90042680646568e-05,0.1904724682047439,0.01251594387755102,0.001634247448979592,0.043202780187129974,0.6572066326530612,0.41841748356819153,0.00013548895395549008
6363,0.0027490927954813525,0.32392497947808807,0.011579241071428572,0.00607860331632653,0.047982726246118546,0.12330596301020408,0.10314665734767914,0.012041114038204143
6368,0.001631788519771801,0.3109819840467052,0.04434390943877551,0.03812579719387755,0.04666735604405403,0.14050542091836735,0.2516982853412628,0.0008824641513409052
6373,0.000253805111395774,0.21990367716361026,0.029715401785714284,0.0004384566326530612,0.04472452774643898,0.05000398596938776,0.27886709570884705,8.489895138037474e-07
6462,0.02571738117562714,0.8104605212977514,0.0274234693877551,0.008769132653061224,0.06658507883548737,0.018494897959183673,0.15382146835327148,0.05268048313212443
6494,0.00014133188003730588,0.24753614851326255,0.0010363520408163266,0.001016422193877551,0.05298449471592903,0.03126992984693878,0.4195955693721771,0.0001776594691721251
6522,2.757490023310017e-05,0.20010234571111485,0.04270966198979592,0.005440848214285714,0.061550337821245193,0.06728316326530612,0.33100569248199463,2.1363703345012767e-05
6541,8.41192333411464e-06,0.17973852000196922,1.992984693877551e-05,0.03276466836734694,0.10043121129274368,0.2050183354591837,0.32267627120018005,8.001907707269425e-07
6558,0.026374231394957783,0.7877156059606056,0.007653061224489796,0.019909917091836735,0.05379289388656616,0.07798549107142858,0.07165491580963135,0.3602476760283787
6620,0.00021283299165781027,0.22768335201982437,0.003308354591836735,0.037029655612244895,0.036673419177532196,0.6524832589285714,0.40887123346328735,3.759903602473989e-05
6626,0.0026999341226594305,0.4164767878193062,3.985969387755102e-05,0.02419483418367347,0.04100332409143448,0.1602160395408163,0.16569143533706665,0.006535001196074124
6631,0.003075152367733225,0.36961614184896163,0.09408880739795919,0.008848852040816327,0.038727812469005585,0.248046875,0.1782585084438324,9.828506006512262e-05
6634,0.02864641105932534,1.0029455443345086,0.0009367028061224489,0.011419802295918368,0.03928083926439285,0.15754544005102042,0.1589098423719406,0.008094758414268871
6654,0.0,0.16666322314049586,0.007035235969387755,0.005819515306122449,0.06293447315692902,0.9726363201530612,0.6091237664222717,0.0
6655,1.3921487994342307e-05,0.18513985818797923,0.0,0.21324936224489796,0.03610927611589432,0.5639748086734694,0.34178048372268677,4.853036550980155e-05
6657,0.0001088370449474895,0.29648908699374454,0.05624202806122449,0.14726163903061223,0.05333183333277702,0.37143255739795916,0.22320836782455444,2.111038772456308e-05
6664,0.10866564721584923,1.1631051518486775,5.978954081632653e-05,0.11908083545918367,0.03903621435165405,0.09905133928571429,0.16042950749397278,0.06935723223559476
6673,0.01192102262546362,0.5210638293371578,0.1132015306122449,0.0001793686224489796,0.03749319911003113,0.09223533163265306,0.18645091354846954,0.005836596611672359
6744,0.0006475775934322891,0.22126572440293624,0.024792729591836735,0.09143813775510204,0.046779125928878784,0.6290856186224489,0.31083372235298157,0.00025067944938596406
6747,0.011029262616715505,0.6831167076666885,0.00759327168367347,0.01598373724489796,0.039445213973522186,0.06094547193877551,0.11470957100391388,0.044344300381223875
6759,0.002996161661176182,0.27264191958075856,0.060427295918367346,0.004603794642857143,0.03737449273467064,0.07407924107142858,0.31554678082466125,0.0008428340961838886
6778,0.0003115520218183761,0.24725189670048744,0.010801977040816327,0.021324936224489797,0.0353529192507267,0.6886758609693877,0.3848094642162323,4.1021454072678816e-05
6787,0.008729618806064028,0.41534239733948664,0.0010562818877551021,0.09024234693877552,0.04299990087747574,0.17199457908163265,0.1572517305612564,0.016713175404250123
6797,2.863809397118256e-05,0.18438240428554104,0.44471460459183676,0.013871173469387755,0.03648202121257782,0.20655293367346939,0.48899346590042114,9.738319137598381e-06
6824,0.000791886977843496,0.24627251778794376,0.23214285714285715,0.00980548469387755,0.03809977322816849,0.06548947704081633,0.34508809447288513,0.0007748740612486512
6857,0.01346098026008138,0.33552275023582573,0.025111607142857144,0.012316645408163265,0.04533396661281586,0.22433035714285715,0.15928982198238373,0.0014519592804063933
6873,0.0003026151090937847,0.21521248751489147,0.00047831632653061223,0.05624202806122449,0.04028124362230301,0.43168048469387754,0.31507325172424316,0.0008542567978232037
6876,0.0006094164233102415,0.31405526585432963,0.010841836734693877,0.021863042091836735,0.0442076176404953,0.06232063137755102,0.31817224621772766,5.146314728151293e-05
6892,3.514447958775422e-05,0.16812266817070065,0.32190688775510207,0.01518654336734694,0.03608695790171623,0.4050342793367347,0.5144532918930054,3.5917205410886786e-06
6911,7.341763590696143e-10,0.16667055927156732,0.21165497448979592,0.0016741071428571428,0.053023774176836014,0.6969467474489796,0.6082732081413269,1.9252321440531856e-10
6919,4.785758254237002e-05,0.19320144054953675,0.05992904974489796,0.006636639030612245,0.036039382219314575,0.7481465242346939,0.3684382438659668,6.741529594874734e-06
6968,5.472427840416943e-05,0.18926701437059384,0.03784677933673469,0.037228954081632654,0.038797058165073395,0.16448102678571427,0.393167108297348,0.00018541085802080821
6975,0.00010008562751505128,0.23848117846397138,0.13030133928571427,0.08129384566326531,0.04554161801934242,0.4315609056122449,0.3233444094657898,3.094444233735884e-05
6976,0.0018708174484207006,0.28346275387438563,0.12013711734693877,0.0007573341836734694,0.03842362016439438,0.1683673469387755,0.21903115510940552,0.0009999116620483125
6982,2.4903597878051614e-05,0.26062525361159156,0.05881297831632653,0.031369579081632654,0.03789183124899864,0.26345264668367346,0.19541269540786743,0.001472792725126215
6990,1.8191403721600187e-05,0.18427071604243106,0.04844945790816327,0.0014349489795918368,0.04108613356947899,0.7687539859693877,0.38577306270599365,1.1160365382452783e-06
6992,0.00024050625356229074,0.18533667215985544,0.014130261479591837,0.0064572704081632655,0.04887056350708008,0.2659239477040816,0.32188957929611206,8.929381320250006e-06
7013,0.03169874952912444,0.3105301999188024,9.964923469387755e-05,0.0020129145408163264,0.03656715899705887,0.2680165816326531,0.14550913870334625,0.01618468402225874
7019,0.016527397478065534,0.31438987946096925,0.0,0.028300382653061226,0.06746651232242584,0.15182557397959184,0.11556373536586761,0.0019063956599814713
7025,0.00999458582821902,0.2815853770536372,7.971938775510203e-05,0.005500637755102041,0.03628389537334442,0.2018096301020408,0.19840657711029053,0.014869207506980908
7029,0.0014847134877022654,0.2643347888223834,0.04595822704081633,0.029715401785714284,0.04563666135072708,0.5124960140306123,0.2590894103050232,0.00012046404617286347
7062,0.00028659618411765067,0.18091439348176905,0.1735889668367347,0.006357621173469388,0.04239841550588608,0.4983657525510204,0.3939949870109558,2.012949412964693e-05
7081,1.686492605528327e-06,0.1713021538376727,0.15676817602040816,0.003268494897959184,0.040536295622587204,0.27028858418367346,0.3985421061515808,1.4405717740529334e-07
7103,0.008540805994593325,0.27089477605813805,0.0,0.05397002551020408,0.050091732293367386,0.22805723852040816,0.20727621018886566,0.014892166063258848
7105,0.005053651633559744,0.29939101760518605,0.011937978316326531,0.01038345025510204,0.04570654407143593,0.258609693877551,0.14662514626979828,0.0005014520063313867
7106,0.0004222626164898096,0.2039738178744275,0.01731903698979592,0.08998325892857142,0.04214486479759216,0.4344507334183674,0.30090177059173584,2.9346414256108132e-05
7128,0.002279355205303724,0.3048862417319558,0.13107860331632654,0.06963488520408163,0.04268588125705719,0.17859135841836735,0.2492079883813858,0.0022732022436162823
7175,4.0584290422587223e-07,0.16710857776704174,0.11407844387755102,0.034677933673469385,0.0380270779132843,0.8040896045918368,0.4539888799190521,7.883160002923248e-08
7189,4.1868810191979755e-05,0.19400100076781213,0.05998883928571429,0.018176020408163265,0.04598303139209747,0.1258968431122449,0.4046427011489868,7.159581261169197e-06
7201,1.3400776620864086e-05,0.20660355827112337,0.5152064732142857,0.010024713010204082,0.05511658638715744,0.3188376913265306,0.4354933202266693,3.730162144400627e-06
7208,0.00019951766067171557,0.17223635674017893,0.5620615433673469,0.02810108418367347,0.06711970269680023,0.28282445790816324,0.4016939401626587,1.7061013237360777e-05
7214,1.7001018583423824e-05,0.17886095086250886,0.21047911352040816,0.0004185267857142857,0.056322768330574036,0.6860451211734694,0.34079670906066895,4.461196795491058e-06
7226,0.00011775266101760138,0.20202514397224375,0.0045041454081632655,0.011997767857142858,0.041332438588142395,0.7322624362244898,0.44946813583374023,1.1006184391871276e-05
7233,4.1339583556926324e-05,0.2038402521244257,0.03366151147959184,0.018614477040816327,0.03953700140118599,0.5941485969387755,0.3928326964378357,2.5979554809519137e-05
7248,0.0001221565881586379,0.23098931745823686,0.030432876275510203,0.12185108418367346,0.04760380834341049,0.5661272321428571,0.25644585490226746,0.00013046902266772195
7274,0.00030594260847892005,0.2238004328921791,0.02867904974489796,0.002610809948979592,0.044061318039894104,0.5395607461734694,0.2476135790348053,0.00038372602456099964
7279,0.0002357376393255584,0.22816838860049568,0.05123963647959184,0.0032286352040816328,0.0427585244178772,0.4833984375,0.24576447904109955,7.064246489888707e-05
7294,9.957588395888188e-08,0.16697771943758144,0.452327806122449,0.004524075255102041,0.043036527931690216,0.29653619260204084,0.6780068278312683,1.2230841951105333e-07
7295,0.00017418512093865654,0.1926325535569799,0.11017219387755102,0.2770846619897959,0.036669857800006866,0.2057158801020408,0.2880464792251587,3.9130674995661226e-05
7309,0.009339661203537046,0.25822237645502316,0.012436224489795918,0.0010363520408163266,0.04617927968502045,0.31871811224489793,0.16054126620292664,0.0020538984292718843
7312,0.0012825881394562836,0.374630101495453,0.0568000637755102,0.013930963010204082,0.04186433553695679,0.06303810586734694,0.1909727305173874,0.002100104940581787
7317,0.0015443987802661089,0.26604616640484646,0.1474609375,0.0011957908163265306,0.04241608828306198,0.06536989795918367,0.30860430002212524,0.0011000359831043083
7320,3.647064641126954e-05,0.19426433330887538,0.020926339285714284,0.027483258928571428,0.035861872136592865,0.5772680165816326,0.34846049547195435,5.906901518976125e-06
7324,2.1248500870674756e-06,0.16877521542236204,0.5816525829081632,0.0,0.04511911794543266,0.1204360650510204,0.515630304813385,7.994971321847183e-07
7375,5.707711945406431e-07,0.22296238395151263,0.06778140943877552,0.07559390943877552,0.045491158962249756,0.18791852678571427,0.27048298716545105,8.242387711191734e-05
7417,5.978772473909873e-08,0.16731982313178265,0.0,0.02596859056122449,0.037946917116642,0.9559948979591837,0.46859559416770935,1.0700995143764882e-07
7456,0.0026863982518306635,0.20025272461550656,0.2716039540816326,0.06349649234693877,0.08694140613079071,0.30887276785714285,0.29808035492897034,0.0008729973292005306
7458,4.588620986899059e-06,0.18695681815140003,0.4745296556122449,0.026526626275510203,0.08541443198919296,0.28372130102040816,0.32424649596214294,4.014120746975751e-06
7486,2.4853310247333633,2.176759575811929,0.006696428571428571,0.00025908801020408165,0.03612523525953293,0.017996651785714284,0.057505976408720016,2.663580811525912
7487,0.02047649372342524,0.4107005362335189,0.028738839285714284,0.0036073022959183672,0.038598574697971344,0.15058992346938777,0.14983448386192322,0.01877055072690529
7505,2.7615267687481582e-05,0.1753150201702697,0.7345543686224489,0.002072704081632653,0.039268858730793,0.19806281887755103,0.5387545824050903,4.698599413475947e-06
7513,0.016845443445641303,0.370281003451129,0.05317283163265306,0.007752710459183673,0.03403520584106445,0.15915975765306123,0.14676928520202637,0.03302349151044134
7516,0.004146605380874381,0.2950430577884313,0.02285953443877551,0.01313376913265306,0.05835646018385887,0.13592155612244897,0.20633864402770996,0.0009419661646504711
7536,1.903178691095027e-05,0.17132091563348179,0.0,0.0005381058673469387,0.05512697249650955,0.9391741071428571,0.44403597712516785,7.848573267333757e-06
7540,0.002987360675111065,0.20814642954700588,0.05508609693877551,0.0003587372448979592,0.0636383593082428,0.5099848533163265,0.3484114110469818,0.0011886253582698552
7544,0.0035883185649188804,0.34081497843992725,0.3731066645408163,0.07140864158163265,0.044798266142606735,0.10809948979591837,0.20662586390972137,0.0011765436794664368
7545,0.002616251752192002,0.45042860300623483,0.006138392857142857,0.00936702806122449,0.03714629262685776,0.2856345663265306,0.17007139325141907,0.005876617167096168
7571,0.013282114089913912,0.38395173178697645,0.02184311224489796,0.01323341836734694,0.0454285591840744,0.18024553571428573,0.1691851168870926,0.02349212753112543
7575,0.0006411232283058476,0.2930050195574901,0.24679129464285715,0.003567442602040816,0.040455035865306854,0.04257015306122449,0.3549826443195343,0.0002489355551805472
7585,3.0773725946064636e-06,0.18401609277886788,0.3097297512755102,1.992984693877551e-05,0.04539205878973007,0.24011479591836735,0.47882407903671265,4.721457142357521e-07
7596,0.029633769220921476,0.48424847825640316,0.00045838647959183676,0.010184151785714286,0.05490811914205551,0.25490274234693877,0.16449040174484253,0.009847105614870027
7597,0.025878315040152693,0.3148253374605209,0.00033880739795918367,0.024533641581632654,0.04695126414299011,0.21556122448979592,0.13568943738937378,0.009800698458361087
7603,0.00011372192470980258,0.27540747648845787,0.01411033163265306,0.06788105867346939,0.03559290990233421,0.12715242346938777,0.2709365487098694,5.99413490633698e-06
7605,0.03825349022619538,0.46681559404552525,0.0016741071428571428,0.0194515306122449,0.04750453680753708,0.15122767857142858,0.10979478061199188,0.049498609743965825
7606,0.02257124249208041,0.40134561200050645,0.012794961734693877,0.0002192283163265306,0.04622100293636322,0.16677295918367346,0.10285239666700363,0.014584618382253183
7681,0.008308155913962709,0.2570502422866269,0.04587850765306122,0.0007772640306122449,0.10421232134103775,0.18415178571428573,0.17241060733795166,0.009352893211448787
7688,0.0038795642462431637,0.22238215184342802,0.00922751913265306,0.008290816326530613,0.053061593323946,0.09669961734693877,0.23080554604530334,0.0016933805478693683
7723,0.00031818421103075624,0.22205608519199108,0.01309390943877551,0.0020129145408163264,0.07288114726543427,0.11080994897959184,0.3372422456741333,0.000903081105751642
7729,0.03229423568718116,0.8920896712572586,0.0013751594387755102,0.01287468112244898,0.03739146888256073,0.12218989158163265,0.12479086965322495,0.2271146621078204
7743,0.000993577657897837,0.20169527516282448,0.4714205994897959,0.0008769132653061224,0.03810705617070198,0.0774673150510204,0.34336191415786743,0.00012025520098374169
7751,0.0010001898475726196,0.29964363706910546,0.007095025510204082,0.16954320790816327,0.046671025454998016,0.2002750318877551,0.23610617220401764,0.0002875650263042028
7770,0.0018344521620267842,0.31060308917657,0.009068080357142858,0.0038863201530612247,0.05840928107500076,0.2363879145408163,0.21441788971424103,0.001524404638073359
7778,0.03598645453852914,0.43607671204205767,0.0004982461734693878,0.006497130102040816,0.04524824768304825,0.17930883290816327,0.16291064023971558,0.009400361512810687
7780,0.0006231101520843071,0.17552270108342977,0.044642857142857144,0.000896843112244898,0.05836910754442215,0.5513392857142857,0.6302567720413208,0.00016289289803169706
7788,0.00046105871027754845,0.19986564141109087,0.03314333545918367,0.03411989795918367,0.054303910583257675,0.09783561862244898,0.28689274191856384,7.761061644606708e-05
7792,0.0009357982735698773,0.28821242296704774,0.08920599489795919,0.0004384566326530612,0.0441812202334404,0.3067203443877551,0.2180676907300949,0.007847364611574705
7831,0.028637365515674612,0.25053434070720393,1.992984693877551e-05,0.0003587372448979592,0.05283026397228241,0.0007374043367346938,0.21430255472660065,0.003787595327196648
7842,3.4700108784843217e-09,0.1686109379933225,0.011439732142857142,0.0024314413265306123,0.0403718501329422,0.6951929209183674,0.45600393414497375,1.8970981715878308e-08
8139,0.0004960455992642932,0.17547177309568263,0.03762755102040816,0.23042889030612246,0.04518517851829529,0.1683673469387755,0.6380832195281982,0.00011263609809552908
8391,3.3544450565279216,3.8818525723265855,0.0,0.0059590242346938774,0.03895381838083267,0.017956792091836735,0.04268035665154457,23.742077232612164
8492,0.3801751506709661,0.9086214982083859,0.004384566326530612,0.0003985969387755102,0.13252012431621552,0.06863839285714286,0.15785956382751465,0.40419102502568294
8528,0.007375332668095191,0.2760213384041472,0.010064572704081632,0.00027901785714285713,0.07944037765264511,0.2748525191326531,0.2810557186603546,0.0013410703740355232
8637,0.019767735754881104,0.4062034435609444,0.03158880739795918,0.0015744579081632653,0.047086380422115326,0.20733019770408162,0.1379276067018509,0.05743506495492623
8652,0.3696268778158115,1.112182701282733,0.04944595025510204,0.003966039540816327,0.06486263871192932,0.06744260204081633,0.13420775532722473,0.09561159251651871
8662,0.004872245892395692,0.2766192630709424,0.22785794005102042,0.01624282525510204,0.041753724217414856,0.10909598214285714,0.3208582103252411,8.307259996952877e-06
8664,0.001557818142199394,0.26972697509554305,0.06341677295918367,0.020746970663265307,0.037056371569633484,0.42811304209183676,0.23665398359298706,0.0013095376643305155
8669,2.471540750852513e-05,0.29788439487287377,0.010522959183673469,0.004145408163265306,0.056330837309360504,0.5326849489795918,0.2284228652715683,0.0013858787803342747
8676,0.00017163707962988695,0.18217402578248376,0.01650191326530612,0.014429209183673469,0.03783538192510605,0.7954599808673469,0.4464479088783264,2.5477825866396134e-05
8677,0.0005678426618208932,0.2175708314282347,0.03489716198979592,0.004683514030612245,0.042064350098371506,0.5889070471938775,0.3596837818622589,0.0001882236137169836
8696,0.050117567719283815,0.4334989596435059,0.0349968112244898,0.008031728316326531,0.04129841923713684,0.026506696428571428,0.16226257383823395,0.015572797301902856
8703,5.824172877975399e-06,0.17177059826189744,0.3818957270408163,0.00025908801020408165,0.041232481598854065,0.5706513073979592,0.42223063111305237,3.2327455089706607e-06
8831,0.004207963245470349,0.28824575227314936,0.04195232780612245,0.1275310905612245,0.0723012387752533,0.20569595025510204,0.20605960488319397,0.0010630999174198763
8834,0.03937508846749706,0.4200050652991047,0.010423309948979591,0.0021324936224489796,0.05220501869916916,0.004603794642857143,0.08310950547456741,0.012699114980952247
8865,1.8113922442000877e-05,0.22168988608286236,0.06196189413265306,0.01975047831632653,0.05040976405143738,0.6301817602040817,0.3128018379211426,5.647233559760243e-05
8911,0.0018926421808140126,0.19317323425805544,0.43857621173469385,0.0,0.04364003986120224,0.20635363520408162,0.36678704619407654,4.269241899853459e-05
8928,0.0010549845794168458,0.2618883870757651,0.12153220663265306,0.013452646683673469,0.05571068078279495,0.04924665178571429,0.3004174828529358,0.0009948784540526217
8945,0.0011530655705505764,0.20563944465956197,0.12266820790816327,0.0007971938775510204,0.051343344151973724,0.033900669642857144,0.37444815039634705,0.00024249162564021897
8966,0.0010440370629668913,0.3445197743311419,0.26486766581632654,0.014170121173469387,0.04696733132004738,0.19493383290816327,0.24604445695877075,0.00040188462694384355
8971,0.005013537955487518,0.3805612339330067,0.14204001913265307,0.014548788265306123,0.04609815031290054,0.07543447066326531,0.17546291649341583,0.0018612694743038848
9019,6.880240401996162e-05,0.22263073314927642,0.4945790816326531,0.0038863201530612247,0.041946157813072205,0.2628148915816326,0.344646692276001,9.873273586085934e-05
9020,5.492766715609517e-05,0.18773082373140682,0.8027543048469388,0.0006576849489795918,0.04702438414096832,0.04356664540816327,0.7058454155921936,1.675298693183686e-05
9037,0.0010610450273839454,0.2339216470635736,0.05018335459183673,0.00723453443877551,0.03781983256340027,0.3030333227040816,0.3032936155796051,0.0001010465121994785
9053,0.0001881460379636069,0.20914628580736644,0.18712133290816327,0.002730389030612245,0.039500974118709564,0.40330038265306123,0.3526532053947449,9.072336221057882e-05
9067,0.0007320950371634825,0.23707967252003953,0.45641342474489793,0.01943160076530612,0.03871925175189972,0.20338408801020408,0.3046099841594696,0.0003754869911395755
9069,5.316136699938003e-07,0.18036804901624032,0.6802654655612245,0.0,0.03807465732097626,0.06323740433673469,0.4657043218612671,2.0094854241426175e-07
9072,0.007797354122405904,0.32554057218716675,0.18508848852040816,0.0001992984693877551,0.04940962791442871,0.1854671556122449,0.17988251149654388,0.011283218488760759
9086,0.0001724566787679736,0.18897860976230058,0.5956433354591837,5.978954081632653e-05,0.040955476462841034,0.12934470663265307,0.49195438623428345,2.2937541178762577e-05
9124,0.169185255819392,0.5913850408013306,0.09279336734693877,0.0006178252551020409,0.0477282889187336,0.037428252551020405,0.12431122362613678,0.030477028841552428
9133,0.00013203907934672483,0.20220882098533677,0.0680404974489796,0.00013950892857142856,0.04530336707830429,0.00011957908163265306,0.3917747735977173,4.350605351361031e-06
9135,0.00018463980167574305,0.18624214371455153,0.2422472895408163,0.0,0.056515712291002274,0.003946109693877551,0.5029165744781494,2.7745272027045813e-05
9153,0.0009647077527528738,0.2860797143386026,0.23361766581632654,0.014907525510204082,0.039701543748378754,0.09580277423469388,0.2857244908809662,0.002853608704158971
9158,0.0009106274811936635,0.22659541249237936,0.11521444515306123,0.0015345982142857143,0.050333887338638306,0.04771205357142857,0.46892496943473816,0.0004300261169776263
9160,0.0015662286099502342,0.36172330610333514,0.22921316964285715,1.992984693877551e-05,0.04575541988015175,0.03900271045918367,0.17502525448799133,0.010494899437139616
9174,6.143742055537511e-05,0.1841455460674839,0.3001235650510204,0.0003587372448979592,0.10370852798223495,0.07880261479591837,0.38463810086250305,3.723106508873247e-05
9187,0.0010438297703663643,0.3088540848988512,0.2079480229591837,0.0005978954081632653,0.04938984289765358,0.11328125,0.22620876133441925,0.005492168620455901
9193,0.06543249835163464,0.4212649321292507,0.19280133928571427,0.0025111607142857145,0.0818081796169281,0.03844467474489796,0.14244557917118073,0.0018151023517523177
9203,0.0003548319323570562,0.28831282474531383,0.251155931122449,0.002730389030612245,0.04390572011470795,0.17729591836734693,0.2553277909755707,0.002459590492175547
9209,0.0010965807311537723,0.2546741744976545,0.1741669323979592,0.006098533163265306,0.042054444551467896,0.04217155612244898,0.40348905324935913,2.9515128824328224e-05
9216,0.00011350446100927525,0.18343585169807886,0.46285076530612246,0.0069355867346938774,0.04157860577106476,0.12559789540816327,0.5178733468055725,1.3424749694418359e-05
9225,0.004262612294451634,0.3091670313973022,0.1835339604591837,0.0018734056122448979,0.03920552134513855,0.04059709821428571,0.15677045285701752,0.001682538887873044
9226,0.00015799938927378788,0.2146994042144817,0.16761001275510204,3.985969387755102e-05,0.0581338033080101,0.004404496173469388,0.5149689316749573,2.5051697174480264e-05
9232,0.0014565380355162473,0.3108937270718319,0.09809470663265306,0.0007772640306122449,0.0419478677213192,0.10096460459183673,0.19516430795192719,0.001432966667607693
9239,3.260610099836053e-06,0.1873739567327832,0.11987802933673469,0.04065688775510204,0.03697195276618004,0.24214764030612246,0.39318645000457764,2.7289843101237114e-08
9243,5.899522325551468e-06,0.2399534077646132,0.07421875,0.0008370535714285714,0.03918330371379852,0.06646603954081633,0.32267433404922485,0.000416995040683993
9286,0.00014851700227628395,0.24742676184028778,0.07230548469387756,0.036411830357142856,0.06367335468530655,0.10226004464285714,0.38539624214172363,0.00015429479717393355
9297,0.00011426195181609184,0.2412773379416566,0.008948501275510204,7.971938775510203e-05,0.04596768692135811,0.011419802295918368,0.4300960600376129,0.0003539825590304028
9335,0.0002054755778449776,0.2660619849158078,0.1778140943877551,0.0017737563775510204,0.037964433431625366,0.0074936224489795915,0.30845949053764343,6.162110803462638e-05
9339,0.005111487911541018,0.28893648967966656,0.29446348852040816,3.985969387755102e-05,0.04034532234072685,0.0005580357142857143,0.2537497878074646,0.004310139557185469
9342,0.0012681378086462178,0.3632878479823921,0.03037308673469388,0.00025908801020408165,0.04114691913127899,0.0311702806122449,0.22749102115631104,0.002628858235956117
9366,0.016058413413035925,0.30075443492649034,0.00705516581632653,0.0062380420918367345,0.05660188943147659,0.11680883290816327,0.17688077688217163,0.001948354935411172
9387,0.0006159963910090255,0.256034897593425,0.5470742984693877,0.0007174744897959184,0.038258522748947144,0.024932238520408163,0.4577122926712036,0.00025970836254432793
9401,0.00017249754735750464,0.238427757930881,0.39223931760204084,7.971938775510203e-05,0.05064631998538971,0.2364875637755102,0.25211867690086365,6.425082630731688e-05
9413,0.0029613679861849565,0.21300852310752283,0.26120057397959184,3.985969387755102e-05,0.04456328973174095,0.03948102678571429,0.35891789197921753,0.0002916050979830404
9416,0.00011650901736945615,0.2141992780146717,0.23134566326530612,0.0956234056122449,0.04113683104515076,0.3778101084183674,0.43651044368743896,9.32206190548125e-06
9434,2.793816526334952e-05,0.21108101925686795,0.669563137755102,0.0014349489795918368,0.04089854657649994,0.078125,0.4853471517562866,3.7811698003018974e-06
9438,0.00031664242292655116,0.22799917452052296,0.3837890625,0.00045838647959183676,0.05038687586784363,0.0274234693877551,0.3441234827041626,0.00013860731346801216
9511,2.9430124079125245e-06,0.18470446332771095,0.31309789540816324,0.00839046556122449,0.04483609274029732,0.06353635204081633,0.45574951171875,9.490032822112811e-06
9531,0.0002845988462732368,0.2633922523082797,0.054567920918367346,0.0009367028061224489,0.0483001172542572,0.012555803571428572,0.29646602272987366,0.0005495803623461486
9550,5.8335106436353854e-05,0.1840453133103288,0.12107382015306123,0.1558514030612245,0.05219677463173866,0.49569515306122447,0.39464622735977173,2.9747351506911716e-06
9558,0.013691062064649566,0.26283023257948707,0.20497847576530612,0.023417570153061226,0.04005863517522812,0.036790497448979595,0.2127866894006729,0.00028404982494675335
9589,0.00473857792226234,0.22057319407840043,0.04115513392857143,0.009885204081632654,0.05808693915605545,0.24709024234693877,0.2724074125289917,0.0022130437532521642
9601,0.0005148432571980444,0.2433668721532904,0.04440369897959184,0.014787946428571428,0.0545007660984993,0.20860570790816327,0.23846501111984253,0.0017861703228302462
9619,0.00017631149136233283,0.24227658011392078,0.0015943877551020409,0.00835060586734694,0.04508326202630997,0.022181919642857144,0.2932018041610718,1.3321606260682625e-05
9620,0.00014078209836553438,0.2282467424133927,0.004344706632653061,0.0,0.03596918284893036,1.992984693877551e-05,0.3921903073787689,3.933924121368057e-05
9626,0.008309366229505961,0.3138274321828613,0.0007772640306122449,0.06736288265306123,0.05810971558094025,0.04781170280612245,0.21588706970214844,0.023873714675416553
9655,0.01060834206872319,0.29507450663630586,0.08962452168367346,0.0001793686224489796,0.06424226611852646,0.016302614795918366,0.18413881957530975,0.005954164691367844
9656,0.0001137852584144168,0.26845681454152104,0.057497608418367346,0.002152423469387755,0.04591016843914986,0.009685905612244899,0.39403724670410156,0.00011792166973739399
9657,1.0789400765965647e-05,0.17757664712026155,0.3190369897959184,0.0005181760204081633,0.04096267372369766,0.021364795918367346,0.5794945359230042,1.209978652361802e-06
9658,0.09382814724406702,1.2641348142044926,0.04332748724489796,1.992984693877551e-05,0.040684327483177185,0.0001992984693877551,0.10802508145570755,0.9683855825033907
9663,0.0006678656709058584,0.26314049898180936,0.14817841198979592,0.10931521045918367,0.05717978626489639,0.4238879145408163,0.27418625354766846,1.3772071371454414e-05
9667,6.756955141599142e-05,0.22999238404278813,0.01584422831632653,0.010224011479591837,0.04048173129558563,0.072265625,0.2577562630176544,4.0571246559105105e-05
9679,2.8221928090404973e-05,0.199243474893407,0.14174107142857142,0.004544005102040816,0.04584783315658569,0.09173708545918367,0.41355156898498535,6.5098842829810205e-06
9693,2.4911104093756803e-05,0.29837301237526975,0.09060108418367346,0.01877391581632653,0.047488220036029816,0.020268654336734693,0.2852030098438263,0.00040792233036486634
9696,0.00011825739942885569,0.21849498172594845,0.11690848214285714,0.011579241071428572,0.045276738703250885,0.043287627551020405,0.5177716016769409,2.5183604927496247e-05
9709,0.0003407113911198359,0.20892285948051825,0.5369698660714286,0.007254464285714286,0.04566541686654091,0.05865353954081633,0.4582675099372864,1.8750801724562388e-05
9731,0.0001688570850660754,0.2337050203047365,0.4702248086734694,0.0012755102040816326,0.04373249411582947,0.019571109693877552,0.41379308700561523,0.00044159503274910896
9733,0.003191825348976877,0.36200031973618546,0.20137117346938777,0.0005779655612244898,0.053532250225543976,0.03398038903061224,0.19682833552360535,0.0024469769311183747
9740,0.00018635975843505313,0.29545660996354717,0.3400829081632653,1.992984693877551e-05,0.03961311653256416,0.17042012117346939,0.37551993131637573,0.00013360416956869245
9751,0.0027514073851604474,0.3925980936090523,0.29177295918367346,0.004763233418367347,0.04849792271852493,0.048748405612244895,0.20145021378993988,0.0031169630557158737
9755,3.706375101613556e-05,0.31976406923879863,0.2699497767857143,0.0004185267857142857,0.05379669368267059,0.02383609693877551,0.30440014600753784,8.736646232911804e-05
9759,0.00074860824661437,0.2561418890727076,0.5559630102040817,0.001096141581632653,0.04844991862773895,0.06650589923469388,0.35626980662345886,0.0006806619094262391
9778,0.013265720571725622,0.25061116076783907,0.2653858418367347,0.0013552295918367347,0.0562099814414978,0.04259008290816327,0.26077431440353394,0.004851557919094557
9781,1.6747923152783926e-05,0.17507708830012042,0.5913982780612245,0.0,0.04702134430408478,0.008191167091836735,0.40943488478660583,1.5098128531660782e-05
9784,8.443185208700757e-07,0.17195497047680974,0.7052574936224489,0.0010363520408163266,0.04001288488507271,0.11878188775510204,0.5140053629875183,1.65425407906059e-06
9785,0.00031561815868516455,0.20127687608861916,0.39132254464285715,0.0004982461734693878,0.04060587286949158,0.20685188137755103,0.33457961678504944,0.0003127876138432499
9786,0.006173307211550921,0.23313970632236938,0.2081672512755102,0.008310746173469387,0.05405694991350174,0.18080357142857142,0.30363646149635315,0.004001092770120714
9787,0.003534009158312138,0.2747367662860048,0.23873963647959184,0.009048150510204082,0.04547803848981857,0.05646125637755102,0.2411968857049942,0.0021044919107734675
9811,0.0028082523049301356,0.30633066462395975,0.21894929846938777,0.10174186862244898,0.03625178337097168,0.1641422193877551,0.2520352005958557,9.913474642606016e-05
9815,6.303554561107087e-06,0.17286384983599087,0.38789461096938777,0.002650669642857143,0.043359920382499695,0.10726243622448979,0.5196171402931213,1.7054848261038406e-06
9823,0.00819332056206561,0.23434004510542877,0.25843032525510207,0.0,0.07533891499042511,0.011559311224489796,0.19786493480205536,0.0015460923140661238
9849,0.0026556886663010983,0.2944596201142664,0.2041613520408163,0.00643734056122449,0.03699614852666855,0.021444515306122448,0.1852359175682068,0.0009272377131016806
9852,4.694073483596767e-06,0.17131515271209527,0.22600446428571427,0.001096141581632653,0.03967414051294327,0.004544005102040816,0.4696822166442871,4.637736764265576e-07
9860,0.001279325867590348,0.28221712345496774,0.27650669642857145,0.001913265306122449,0.0496254526078701,0.00817123724489796,0.2656497061252594,0.0002495994436630449
9869,4.198453997588563e-05,0.22162430926955,0.1934191645408163,0.00958625637755102,0.03842933848500252,0.027582908163265307,0.3074290156364441,1.1421793592230641e-05
9871,0.00014862433584978817,0.17097528769646586,0.11481584821428571,0.009765625,0.07919280230998993,0.07391980229591837,0.4899457097053528,5.259820299649385e-05
9873,0.0007168126998754385,0.17232517265249975,0.3934948979591837,0.00023915816326530612,0.04339900240302086,0.21165497448979592,0.3716096580028534,0.0001239845332391458
9879,9.399910150029278e-06,0.16862676999150197,0.8038903061224489,0.0004384566326530612,0.047427110373973846,0.013891103316326531,0.6084825992584229,4.160901482396506e-06
9891,0.0005288248394017265,0.2094303372248906,0.32692920918367346,1.992984693877551e-05,0.05006960779428482,0.010263871173469387,0.36351457238197327,9.521494962453412e-05
9900,6.52468782297561e-05,0.1705110310080883,0.8515824298469388,0.00023915816326530612,0.037003882229328156,0.08864795918367346,0.6468759775161743,1.995575321083213e-05
9907,3.5587623242567995e-06,0.1866279259015894,0.2209422831632653,0.0205875318877551,0.041596412658691406,0.02174346301020408,0.4423830807209015,3.9205676475888915e-06
9913,0.00013532983145983813,0.2112828468946831,0.31287866709183676,0.0,0.035449348390102386,0.05564413265306122,0.4879610240459442,9.915817061765454e-05
9923,0.004123726831701187,0.2062531891019152,0.26889349489795916,0.006915656887755102,0.04555748403072357,0.11144770408163265,0.38935381174087524,0.0002858336485541204
9929,0.00017150793411085144,0.1946619075491753,0.13360969387755103,0.06206154336734694,0.04350036382675171,0.07890226403061225,0.4119500517845154,7.544718285120958e-05
9945,0.001025385423141972,0.19396752250745342,0.22739955357142858,0.04545998086734694,0.038012780249118805,0.23778300382653061,0.4228099584579468,0.00032800936888413486
9947,0.0034203642839195523,0.2766598659718112,0.14690290178571427,0.0006178252551020409,0.046976059675216675,0.03786670918367347,0.23959851264953613,0.0036240942470852164
9970,0.0018114279454453817,0.23430009603475363,0.24222735969387754,0.0064572704081632655,0.04552169889211655,0.2850366709183674,0.38166970014572144,0.00013496530365579055
9981,0.00010963966724690031,0.1858917196613259,0.20107222576530612,5.978954081632653e-05,0.04660491645336151,0.01686065051020408,0.4442509114742279,2.5584262798060663e-06
9991,0.0005512971900698174,0.20766314002862535,0.34022241709183676,0.0006776147959183673,0.04575570672750473,0.06873804209183673,0.410370409488678,7.963770327439733e-05
10003,0.00032651185739041336,0.18971066207255613,0.36975845025510207,0.0,0.042877547442913055,0.04143415178571429,0.4535520374774933,0.00012357678062865056
10031,0.0002922139578050132,0.2263367214885751,0.2209422831632653,0.00031887755102040814,0.038979507982730865,0.020966198979591837,0.3630680441856384,0.0007801840466813147
10032,0.007302498902536677,0.38018979087518745,0.14626514668367346,0.002152423469387755,0.050214726477861404,0.1467235331632653,0.21617639064788818,0.0006507293495557222
10035,0.0010800776341598722,0.2479149160462658,0.2132294323979592,0.010622608418367346,0.04573066905140877,0.46520248724489793,0.36167651414871216,1.1902059885999738e-05
10071,0.0004014730297416625,0.19840006021759982,0.17247289540816327,5.978954081632653e-05,0.0677221417427063,0.017438616071428572,0.3503116965293884,0.00020606197309187938
10075,0.0,0.16666322314049586,0.40684789540816324,0.003667091836734694,0.04720472916960716,0.41587611607142855,0.5980360507965088,0.0
10108,0.002355514450283392,0.2173817370206439,0.20978156887755103,0.004524075255102041,0.039338234812021255,0.1724529655612245,0.2923958897590637,0.0001372510273158997
10112,9.406700600949952e-05,0.27181031813456447,0.15525350765306123,0.0015545280612244898,0.03540008142590523,0.013811383928571428,0.26139509677886963,0.00013540022797790558
10114,0.0008955431966449916,0.24508129538847861,0.15670838647959184,0.002551020408163265,0.05172726884484291,0.08480149872448979,0.2734464406967163,0.0005441065334469562
10116,0.00018969335484132858,0.21880502014883585,0.23927774234693877,0.0008769132653061224,0.03666910529136658,0.42709661989795916,0.3582890033721924,3.7700339905496756e-05
10137,0.0006723582344648142,0.3322695933867288,0.17265226403061223,0.020746970663265307,0.04420545697212219,0.04635682397959184,0.23837506771087646,0.000985031793410952
10139,0.0019129574261960113,0.20029526174451234,0.44447544642857145,0.004524075255102041,0.04740557819604874,0.033522002551020405,0.3612753748893738,0.00034491749904417684
10145,0.000898261518679561,0.1954074120520809,0.5107023278061225,0.003049266581632653,0.04462223872542381,0.1785514987244898,0.398044615983963,5.323981415409256e-05
10155,0.001270526529620954,0.19207955538449198,0.17418686224489796,0.0004982461734693878,0.04131617397069931,0.21950733418367346,0.42615535855293274,0.00014144846355175923
10164,0.0017475717448416181,0.22639017689792018,0.2700892857142857,0.22337372448979592,0.04301629960536957,0.17777423469387754,0.23449428379535675,0.00021776620815369685
10169,0.020411478580422332,0.299730798030569,0.25623804209183676,0.0001793686224489796,0.0524679496884346,0.13480548469387754,0.25424179434776306,8.902505485445286e-05
10172,6.63688612101904e-05,0.1704955455714306,0.5331034757653061,0.06455277423469388,0.0407070592045784,0.2544642857142857,0.3947228789329529,1.800671373498652e-05
10174,1.4501542903170249e-05,0.17384603166627166,0.6311583227040817,0.0006377551020408163,0.035653382539749146,0.20147082270408162,0.46037694811820984,1.4134283478434052e-08
10175,0.0002978389769317655,0.19105362537989645,0.2391780931122449,0.009964923469387755,0.03819822147488594,0.032306281887755105,0.4947271943092346,3.316530819649717e-05
10178,6.105212812307015e-05,0.18721410170232305,0.11762595663265306,0.08219068877551021,0.04277166724205017,0.4465880102040816,0.34388262033462524,4.263943146237318e-07
10184,0.0044636419899107905,0.19904201747985684,0.15690768494897958,0.02032844387755102,0.04085013270378113,0.22789779974489796,0.3300332725048065,0.0002865854470932102
10191,0.00017383810071829023,0.17824408297698224,0.41830755739795916,0.012914540816326531,0.03846842795610428,0.29512117346938777,0.32811829447746277,0.00017888126737993648
10193,1.727707460652046e-05,0.19416322411399473,0.2570950255102041,0.04217155612244898,0.03641769289970398,0.2514748086734694,0.35128289461135864,1.4114656537898546e-05
10195,0.0013215488650303716,0.23270221069457425,0.08649553571428571,0.00013950892857142856,0.054324403405189514,0.4261997767857143,0.26112550497055054,0.0008028407974096988
10200,0.012601407980498688,0.6033891022324542,0.056142378826530615,0.006556919642857143,0.035141587257385254,0.04458306760204082,0.1432981938123703,0.0030891126687839837
10202,0.0003019402661530635,0.25124492098759577,0.20780851403061223,0.0034478635204081634,0.03758516162633896,0.25550063775510207,0.2647964656352997,0.0014709580004766425
10207,0.00013792165051801513,0.19501181419883973,0.3057437818877551,0.03979990433673469,0.03786153718829155,0.23311941964285715,0.3565635681152344,3.847883468660127e-05
10215,0.005509016337830708,0.28678306321713687,0.05931122448979592,0.0009367028061224489,0.04784427583217621,0.5082908163265306,0.2802083492279053,0.0006438584927913485
10218,0.0019207407525065304,0.3003388557892547,0.11724728954081633,0.0069355867346938774,0.04149482399225235,0.2149035395408163,0.22713322937488556,0.0021530755516366374
10219,0.0001487820964410217,0.20218982653895717,0.19836176658163265,0.0,0.05476001650094986,0.08882732780612244,0.39763957262039185,1.5493239004805797e-05
10226,4.797565989627061e-05,0.1904595772726319,0.6799665178571429,0.058274872448979595,0.06893965601921082,0.09865274234693877,0.388938307762146,3.166309096477404e-05
10229,0.00014267767265534038,0.175773387934707,0.13279257015306123,0.06519052933673469,0.037612468004226685,0.5857979910714286,0.43295830488204956,1.3866769340492602e-05
10246,0.002607623887016528,0.2835149233655564,0.05857382015306122,0.006357621173469388,0.039314210414886475,0.31766183035714285,0.2933828830718994,0.00045533814100873985
10263,0.0032049659438804093,0.19804895236728504,0.3347018494897959,0.0011957908163265306,0.04341670498251915,0.12761080994897958,0.4592268466949463,0.0006950410809010988
10267,0.0012711624291669504,0.2171451835322279,0.3750597895408163,0.00029894770408163266,0.04118051379919052,0.060825892857142856,0.30128780007362366,0.002108904046912039
10273,1.3272443306362328e-06,0.17395529241846094,0.7101801658163265,0.0027503188775510204,0.046584781259298325,0.20968191964285715,0.6906906962394714,1.300484416243888e-07
10277,0.07834668879100277,0.6980258037531475,0.1532405931122449,1.992984693877551e-05,0.04337158426642418,0.018116230867346938,0.1289406567811966,0.0055029873855945415
10279,6.3716878758519725e-06,0.18612940590765892,0.7535873724489796,0.0,0.040847763419151306,0.03653140943877551,0.34890446066856384,7.911834053832426e-05
10283,4.690900340568935e-05,0.1831188592950801,0.07880261479591837,0.02166374362244898,0.03749546408653259,0.35975366709183676,0.46746015548706055,1.157455534121103e-05
10284,0.0004253152629969524,0.18265286549189153,0.7375637755102041,0.0,0.06341738998889923,0.0284000318877551,0.3152635395526886,4.676868863832796e-06
10292,0.00013620924959671337,0.19481132673000678,0.20505819515306123,0.0,0.04690074548125267,0.0001992984693877551,0.5094955563545227,3.0563508395922486e-05
10293,0.0008506076983305019,0.1853333445386124,0.1351044323979592,0.0052016900510204085,0.06086433678865433,0.5025908801020408,0.41258877515792847,0.0005583589514940805
10310,1.6161365083904717e-08,0.16677730545185931,0.4338329081632653,1.992984693877551e-05,0.039720021188259125,0.05404974489795918,0.8215548396110535,2.8449866778196646e-09
10313,0.00014555859874691086,0.17858793249449395,0.5056600765306123,0.0059590242346938774,0.04001591354608536,0.06536989795918367,0.46789219975471497,0.0002379997142414263
10318,4.995441991105188e-06,0.185224509242557,0.6766183035714286,0.012097417091836735,0.05129258707165718,0.15973772321428573,0.5263947248458862,9.923840286229437e-07
10323,0.0004845308231129284,0.1951788797677418,0.2818080357142857,5.978954081632653e-05,0.05119511857628822,0.032146843112244895,0.5120061635971069,4.944452207019961e-05
10343,0.001286814160712389,0.18097272051172159,0.19144610969387754,0.0034877232142857145,0.040581297129392624,0.20924346301020408,0.44615164399147034,0.0005457425726904735
10347,1.790913834907535e-05,0.19388421663131217,0.8209103954081632,5.978954081632653e-05,0.04791508615016937,0.011419802295918368,0.5311819314956665,7.863820757590898e-05
10353,0.0010002066548671468,0.16925511513879,0.1941764987244898,0.08647560586734694,0.04331204667687416,0.5469148596938775,0.5631762742996216,0.00024268020287557328
10358,1.8815385635039412e-07,0.16755919434879757,0.7294323979591837,0.0008370535714285714,0.03821831941604614,0.03706951530612245,0.6527758836746216,1.56038578317883e-08
10361,0.0014794374585803836,0.21578502074490147,0.3834701849489796,0.008091517857142858,0.04457929730415344,0.08916613520408163,0.35094544291496277,0.0003136718336882724
10365,0.019793043239781098,0.26090432878390796,0.26524633290816324,0.002291932397959184,0.050103411078453064,0.11930006377551021,0.2916795015335083,3.25602150932628e-05
10374,0.0005023663581844544,0.18387385406547999,0.5484494579081632,0.005560427295918368,0.06276597082614899,0.13815369897959184,0.4405244290828705,0.0003060723297668773
10375,6.94584048733605e-05,0.19255477325357345,0.42922911352040816,0.0003587372448979592,0.04341934621334076,0.16344467474489796,0.6674935221672058,1.7960526109678925e-05
10387,0.00013928817869873354,0.2068077663093157,0.3559470663265306,0.00843032525510204,0.05008251965045929,0.3188376913265306,0.414028137922287,0.00011050367861754593
10392,3.607429611363104e-05,0.18769624988430128,0.13068000637755103,0.0001992984693877551,0.04873577877879143,0.01887356505102041,0.30938810110092163,2.3950357366476864e-05
10394,0.00665829291613596,0.27101223565556193,0.208984375,0.0,0.1040925532579422,0.0018136160714285715,0.24246768653392792,0.0018636025299713119
10415,0.00010922133996721325,0.2416125636673583,0.1393096301020408,0.006816007653061225,0.05226782709360123,0.2339764030612245,0.3683543801307678,0.00022468100426325437
10446,0.012541071950705078,0.38301236441087194,0.1289660395408163,5.978954081632653e-05,0.04202522337436676,0.14618542729591838,0.17994199693202972,0.015598798576361041
10459,5.343225595896374e-05,0.18546302919397742,0.14893574617346939,0.0030891262755102043,0.04016900062561035,0.45786830357142855,0.3420080542564392,6.930818382673557e-06
10464,0.00011082035434653548,0.18876194061815543,0.03298389668367347,0.30570392219387754,0.04396679252386093,0.5469347895408163,0.392330527305603,7.521410306321804e-06
10494,5.064698268689084e-05,0.20338329888032827,0.45976163903061223,0.002590880102040816,0.053800128400325775,0.09725765306122448,0.4157906472682953,4.411993615923269e-05
10496,0.00011866991900365704,0.1834367423944721,0.05211654974489796,0.012535873724489796,0.03971784561872482,0.03366151147959184,0.3163008689880371,3.882118817737745e-05
10498,0.0006189912217595284,0.20140330513265914,0.339664381377551,0.014190051020408163,0.03570720553398132,0.16932397959183673,0.33518117666244507,4.645964935847298e-05
10512,1.8123166773500197e-06,0.17070932497098606,0.4649633290816326,0.04536033163265306,0.03998367860913277,0.4457509566326531,0.5928469896316528,2.4977318750318613e-07
10515,0.00026756130152316617,0.2027613072555955,0.37814891581632654,0.015106823979591837,0.03736356645822525,0.12240911989795919,0.4566088318824768,0.00011595236932139922
10519,6.765536971321697e-05,0.20163922704906673,0.09380978954081633,0.0205875318877551,0.040228597819805145,0.2211017219387755,0.4030441343784332,1.0758661565936579e-05
10522,3.0047110935237392e-06,0.1753915310283888,0.15140704719387754,1.992984693877551e-05,0.03846916928887367,0.004962531887755102,0.7141937613487244,1.453483635627655e-06
10532,0.0007648926790016214,0.23927525837245006,0.3737244897959184,0.0023915816326530613,0.05550789088010788,0.1888751594387755,0.26970797777175903,0.00044761678580283845
10536,0.0004805758704508825,0.20293267186054365,0.3444674744897959,0.01935188137755102,0.04116000980138779,0.07605229591836735,0.21657583117485046,0.00034336670982570256
10542,0.0015538979856190307,0.1849092262186795,0.25599888392857145,0.15896045918367346,0.044024888426065445,0.1979033801020408,0.38366034626960754,0.0004786746654337195
10553,0.013147459670673892,0.2521116849008568,0.06702407525510204,0.01136001275510204,0.05312831327319145,0.24816645408163265,0.21281301975250244,0.005860380589302016
10559,1.288904760010011e-05,0.16785893622085368,0.6273317920918368,0.00047831632653061223,0.04069522023200989,0.23828125,0.6594996452331543,2.1075361379647958e-05
10561,1.697866778226759e-05,0.17804541077081693,0.4079440369897959,0.015923947704081634,0.04701399430632591,0.13034119897959184,0.5817651748657227,1.565395137108511e-07
10579,7.787617190922649e-05,0.1685818864894632,0.30253507653061223,5.978954081632653e-05,0.051783785223960876,0.5376474808673469,0.40917718410491943,8.17892102184047e-05
10607,0.010725317200041532,0.7752519765805077,0.005440848214285714,0.005600286989795918,0.04936167597770691,0.11051100127551021,0.12087053805589676,0.15145331348768165
10623,1.329998513018405e-05,0.1764395933438703,0.5173389668367347,0.009685905612244899,0.05286633223295212,0.07320232780612244,0.47256967425346375,1.9484604669350545e-06
10626,0.0005740416383966049,0.19997883972678157,0.26291454081632654,0.0019730548469387753,0.040970467031002045,0.011220503826530613,0.4520846903324127,4.28797490778652e-05
10628,3.737270152823252e-05,0.17346958957842726,0.5008769132653061,0.01309390943877551,0.14230258762836456,0.39706234056122447,0.4207753837108612,2.2379616755767812e-05
10634,3.8890022824476433e-07,0.1701881232207304,0.2805325255102041,0.030133928571428572,0.039399027824401855,0.21809231505102042,0.6425095796585083,5.136554475448069e-07
10644,0.00022627413866881357,0.18416889202132453,0.19154575892857142,0.0036471619897959183,0.04086356610059738,0.6193598533163265,0.33854690194129944,2.6598533059507676e-05
10657,1.7917115299799122e-06,0.17043710907995419,0.2733777104591837,0.0010762117346938774,0.07815041393041611,0.030153858418367346,0.4764431416988373,2.940731410505159e-07
10659,2.5241698991113964e-05,0.16841223601422778,0.22156010841836735,7.971938775510203e-05,0.05587010830640793,0.006995376275510204,0.5671149492263794,1.7798324441625524e-05
10672,1.311326258707354e-05,0.16710489301248105,0.34729751275510207,0.0001992984693877551,0.040325723588466644,0.07166772959183673,0.7507396340370178,4.191206826963123e-06
10680,3.7184655077873983e-08,0.16731326708922473,0.30763711734693877,0.0,0.050893012434244156,0.014867665816326531,0.7315915822982788,8.035915418610506e-08
10682,7.005616576769423e-07,0.1677766463313159,0.6636639030612245,0.0,0.041675977408885956,0.10096460459183673,0.7153776288032532,7.078734912052714e-08
10696,0.010604226836388049,0.252223718684738,0.2285953443877551,0.0,0.03522944077849388,0.23212292729591838,0.34981781244277954,0.003913592959601293
10697,0.006969630671385232,0.20869791228111917,0.25821109693877553,0.001992984693877551,0.04928925633430481,0.04514110331632653,0.2675528824329376,0.002330336116876979
10700,9.805612209016553e-07,0.16661221985363978,0.32639110331632654,0.00045838647959183676,0.049652013927698135,0.1361407844387755,0.6608208417892456,3.0623842693585566e-07
10703,4.630151780334224e-05,0.17725807710161562,0.24565529336734693,0.03834502551020408,0.03665885329246521,0.33689413265306123,0.5368250012397766,2.9476399177918344e-05
10704,0.0028024805892120277,0.20070083789172444,0.17239317602040816,0.0047831632653061226,0.0455000177025795,0.34175701530612246,0.38404667377471924,0.0003841886926229419
10713,0.0,0.16666322314049586,0.3584781568877551,0.0,0.04309714585542679,0.0031489158163265306,0.7270195484161377,0.0
10724,0.0012344593768140962,0.2448097812863646,0.1317761479591837,0.0011559311224489796,0.04704529792070389,0.04709422831632653,0.1742943376302719,0.000976604460460735
10725,1.5103384421394397e-06,0.17610903779000808,0.36583227040816324,0.0023915816326530613,0.03494995832443237,0.47409119897959184,0.49472275376319885,1.015122537914648e-06
10730,0.0010508585582942793,0.26428232132615437,0.028380102040816327,0.022660235969387755,0.03939013183116913,0.25390625,0.23625147342681885,0.00028014232825834974
10751,0.04876976420608915,0.9730374908268695,0.023557079081632654,0.010263871173469387,0.040508367121219635,0.021603954081632654,0.13951902091503143,0.08107208944387148
10754,3.624565152584043e-06,0.16941207008055076,0.026666135204081634,0.001953125,0.06663317233324051,0.22947225765306123,0.28097620606422424,1.1456549390768132e-06
10763,0.00201361202465667,0.23537422954755394,0.2905373086734694,0.02784199617346939,0.041246261447668076,0.06855867346938775,0.428538978099823,0.00015797620817889182
10765,0.0,0.16666322314049586,0.2305285395408163,0.0001992984693877551,0.038078442215919495,0.7607222576530612,0.7433186769485474,0.0
10766,0.0004416924204726985,0.42692805310238824,0.04414461096938776,0.041334502551020405,0.03492569923400879,0.23411591198979592,0.19323989748954773,0.0006520279150382413
10768,1.6135556991640687e-05,0.20233517214456193,0.2605030293367347,0.031529017857142856,0.0379764549434185,0.2181720344387755,0.2984771430492401,4.540876306490274e-05
10777,0.0,0.16666322314049586,0.4012874681122449,3.985969387755102e-05,0.06188704073429108,0.23610889668367346,0.5551176071166992,0.0
10779,0.005985869116985813,0.34977832042688184,0.0029894770408163264,0.0022122130102040817,0.03769046813249588,0.05353156887755102,0.1680757701396942,0.004698228418103182
10780,0.001490857339503791,0.3031941287697518,0.08412388392857142,0.0003786670918367347,0.0372726246714592,0.2569953762755102,0.17085500061511993,0.01301205571137696
10782,0.036898120527962305,0.5762400712753922,0.05209661989795918,0.0007573341836734694,0.043470919132232666,0.17912946428571427,0.15734733641147614,0.02279855679997044
10806,0.002046818012759814,0.3741166323907348,0.029994419642857144,0.001913265306122449,0.056118473410606384,0.25954639668367346,0.20875601470470428,0.02983757260405616
10814,0.7132843999900582,2.5713905984617935,0.0004384566326530612,0.012954400510204082,0.03931193798780441,0.03926179846938776,0.09223854541778564,17.433570630849175
10816,2.349241654023244e-05,0.20415809642319577,0.6758211096938775,0.0022520727040816328,0.0513540618121624,0.08165258290816327,0.32386431097984314,7.072197624792719e-05
10819,1.0038442847851644e-07,0.2100498571315828,0.04842952806122449,0.04005899234693878,0.04356009140610695,0.5308314732142857,0.276236355304718,3.243177892025365e-06
10820,0.0007794451657210288,0.21467481617076556,0.0012555803571428572,0.009506536989795918,0.059001218527555466,0.5354751275510204,0.28302744030952454,0.00011705232953458915
10823,0.04468500104235996,0.4622384562064179,0.011200573979591837,0.033282844387755105,0.040404871106147766,0.23913823341836735,0.1630599945783615,0.00618444682777543
10840,0.008883821331696636,0.2997729582357999,0.15385841836734693,0.0012555803571428572,0.035686884075403214,0.056142378826530615,0.23812353610992432,0.00425721439393316
10897,0.07054006319264619,0.39976461737076396,0.0005381058673469387,0.08001833545918367,0.04582621902227402,0.14132254464285715,0.14571048319339752,0.005704091234348957
11310,0.009655095837078263,0.2933576649905281,0.009626116071428572,0.001295440051020408,0.051052533090114594,0.1906688456632653,0.12751218676567078,0.005518484455953331
11312,4.234012944828823e-05,0.1925375669477471,0.10522959183673469,0.00027901785714285713,0.03598472476005554,0.3488719706632653,0.2818177342414856,5.380674334078219e-06
11315,0.00010250141061000166,0.22385424817268512,0.19465481505102042,0.0021125637755102043,0.03906372934579849,0.507194674744898,0.3142109215259552,0.00022259494675021913
11316,0.0004835482134964682,0.2922360912810509,0.08801020408163265,0.14439174107142858,0.039222002029418945,0.396305006377551,0.26695775985717773,0.00015238683632044878
11324,4.692311438115607e-05,0.20569476690447286,0.043466996173469385,0.07431839923469388,0.03926801308989525,0.09751674107142858,0.36170363426208496,5.546661677939681e-06
11325,0.0031313384335996636,0.520402774141608,0.0001992984693877551,0.018435108418367346,0.04092200845479965,0.11790497448979592,0.12985984981060028,0.019672265327751744
11327,6.626473931628351e-06,0.19848569192203097,0.2369658801020408,0.003826530612244898,0.05830719321966171,0.2315250318877551,0.5109637379646301,5.712857826700588e-06
11328,0.006266906043212826,0.2594195027913849,0.0012555803571428572,0.23547114158163265,0.03591981530189514,0.06987404336734694,0.2685157358646393,0.0033829874462943865
11335,3.489830906127579e-05,0.21129651587903658,0.13018176020408162,0.10249920280612244,0.038974277675151825,0.021783322704081634,0.3538920283317566,4.147590632025562e-06
11341,0.0007916441032991756,0.31933095735846084,0.02068718112244898,0.004404496173469388,0.0460483655333519,0.07908163265306123,0.1665506213903427,0.0004495742268137802
11345,0.05122660998686931,0.43024433995087297,0.0004185267857142857,0.003547512755102041,0.03822939097881317,0.14024633290816327,0.11406968533992767,0.0048875777743397995
11346,9.822106500661851e-06,0.19045117438189346,0.5558633609693877,1.992984693877551e-05,0.05860505253076553,0.20832669005102042,0.52601158618927,1.1479711831084808e-06
11350,0.03038582395221842,0.3096232893234702,0.0028698979591836736,0.0045639349489795915,0.04157986491918564,0.25900829081632654,0.12349846959114075,0.01839759536510445
11355,9.319906928947955e-06,0.18443566201380665,0.6594786352040817,0.0015943877551020409,0.046525925397872925,0.2623764349489796,0.5196836590766907,4.235852780438858e-06
11362,0.0009471610123641583,0.21598911785384967,0.11431760204081633,0.0009765625,0.04637385159730911,0.16426179846938777,0.36363083124160767,0.00012024713557465181
11364,0.0005657431403456824,0.2576690058004392,0.21510283801020408,0.018993144132653062,0.03868938237428665,0.11505500637755102,0.27667558193206787,0.0010179834142108346
11365,0.01757939600510925,0.4175336827384061,0.09851323341836735,0.0013153698979591836,0.04108935222029686,0.14875637755102042,0.14467021822929382,0.0037758213709049022
11382,0.00016936868165674134,0.3812936882724982,0.0027503188775510204,0.03204719387755102,0.037396520376205444,0.27443399234693877,0.21571926772594452,0.004735679691880282
11452,5.469579897497383e-05,0.17986672604600157,0.014409279336734694,0.09610172193877552,0.04389902576804161,0.7749322385204082,0.2718823552131653,3.1005437758815605e-05
11459,0.002756702850261897,0.22603938638462456,0.008231026785714286,0.03164859693877551,0.03535572811961174,0.38081951530612246,0.2496357411146164,0.00026271707979540757
11469,0.0228867546893482,0.2870826461111986,0.0009367028061224489,0.009028220663265306,0.046568866819143295,0.18345424107142858,0.11594817787408829,0.0005162703139545104
11474,0.0005191121158320736,0.19138726842075562,0.44760443239795916,0.00045838647959183676,0.04665682464838028,0.23325892857142858,0.3166106343269348,0.00016794661696706357
11477,0.00040882458704245893,0.2118410344027133,0.2748325892857143,0.18303571428571427,0.09823041409254074,0.048828125,0.2605136036872864,0.0001331909964513527
11488,4.351521928275214e-06,0.16919996310925836,0.018833705357142856,0.036033163265306124,0.05408361554145813,0.8853037308673469,0.3748841881752014,6.255775422595456e-06
11495,0.002583810828289078,0.32565329122859776,0.10596699617346939,0.0006377551020408163,0.054443590342998505,0.3045679209183674,0.16794733703136444,0.0018623637808816238
11505,1.705843585629173e-05,0.17209811956280216,0.39297672193877553,3.985969387755102e-05,0.040702223777770996,0.5611846301020408,0.5899164080619812,9.101477260876332e-07
11517,9.856474877083996e-06,0.17898943642865087,0.6499920280612245,0.07876275510204081,0.1252533197402954,0.15134725765306123,0.4239984154701233,9.254506788559397e-07
11530,8.664538539793853e-07,0.17032029521410383,0.24589445153061223,0.09805484693877552,0.04469680041074753,0.39522879464285715,0.5561423301696777,6.285522755813629e-08
11531,0.00019078219760972474,0.1841200128167612,0.00408561862244898,0.03242586096938776,0.042657915502786636,0.40878109056122447,0.34087133407592773,8.385063316614932e-05
11548,0.0,0.16666322314049586,0.6428172831632653,0.0009367028061224489,0.06562065333127975,0.3434909119897959,0.3908565938472748,0.0
11550,0.1664332908970533,0.631559101068148,0.01905293367346939,0.0,0.10117579251527786,0.0007174744897959184,0.13156810402870178,0.21160213381090462
11561,0.00039364590028164944,0.19973627335488575,0.049924266581632654,0.029595822704081634,0.06153031438589096,0.6740274234693877,0.28575754165649414,0.00018705092855751622
11566,4.04867952334975e-05,0.19575192618550086,0.10656489158163265,0.0014947385204081632,0.06598498672246933,0.09177694515306123,0.3310934603214264,5.5177546131251164e-06
11567,0.01601734946288387,0.3674942335350676,0.0007971938775510204,0.0012356505102040817,0.043421000242233276,0.09566326530612244,0.0845261663198471,0.04075068779655306
11572,0.00016410449379761826,0.1783577151371665,0.005520567602040816,0.0001992984693877551,0.03730379417538643,0.8568439094387755,0.3788682222366333,3.649754682650712e-05
11588,4.343361811784073e-05,0.18507256001915035,0.4073860012755102,0.006915656887755102,0.05604857951402664,0.2957788584183674,0.34612563252449036,2.1603362933152203e-05
11591,0.0004274620890379547,0.2022072887166591,0.2827845982142857,0.00013950892857142856,0.035288501530885696,0.408382493622449,0.3364526331424713,2.769340312912109e-05
11596,0.0009984957748188925,0.32358287703976807,0.0204280931122449,0.006118463010204082,0.04440639168024063,0.05879304846938776,0.14812494814395905,3.720789864467989e-05
11607,0.0001046996049691021,0.20312465597967594,0.17119738520408162,0.0024713010204081634,0.04829116538167,0.24483816964285715,0.42461705207824707,8.574970263048213e-06
11654,0.004196047591741428,0.3873174669538454,0.07314253826530612,0.016900510204081634,0.0394563302397728,0.17950813137755103,0.2209504246711731,0.000244617516057094
11659,0.0042026225662166105,0.29031260653131735,0.16198979591836735,0.0,0.03998952731490135,0.002570950255102041,0.34270861744880676,0.001973833816050688
11673,0.0026860995426948495,0.6265157466870463,0.004524075255102041,0.05410953443877551,0.03821858391165733,0.14538823341836735,0.16088952124118805,0.004854586907452051
11674,1.9892197381841827e-05,0.16889784490011708,0.10375478316326531,0.011798469387755101,0.04389752075076103,0.7395966198979592,0.4849098026752472,1.016876209531949e-05
11683,0.00010504278678247991,0.17520284951975892,0.1250797193877551,9.964923469387755e-05,0.041757673025131226,0.28732860331632654,0.408212274312973,1.5812664625834935e-05
11686,0.0,0.16666322314049586,0.5385243941326531,0.0045639349489795915,0.03816213458776474,0.28495695153061223,0.6978495121002197,0.0
11687,2.2201254143746488e-09,0.1666574243357663,0.5164022640306123,0.007174744897959184,0.04791533201932907,0.3958067602040816,0.505408763885498,8.439278532750875e-10
11689,0.002556590538078689,0.23313124940542246,0.0320671237244898,0.08434311224489796,0.03567584231495857,0.42661830357142855,0.247832253575325,0.0002449961314839852
11698,7.475591021836953e-05,0.17451154832581972,0.2219188456632653,0.0013950892857142857,0.04079027473926544,0.5981744260204082,0.5923371911048889,1.8469373562016907e-05
11702,1.2154732857430504e-07,0.16665929474378163,0.5068757971938775,0.005301339285714286,0.04769964888691902,0.4154775191326531,0.5891265273094177,4.112134815749068e-08
11719,0.00391236153822294,0.23154617604419575,0.03730867346938776,0.013990752551020409,0.07823207229375839,0.39809869260204084,0.2689262628555298,0.005077532664060675
11731,0.0003029973416747146,0.21486045961882574,0.1369579081632653,0.07728794642857142,0.038420919328927994,0.3553890306122449,0.27074530720710754,7.906108942939457e-05
11732,0.010756487047074745,0.394859730024306,0.10981345663265306,0.018016581632653062,0.050389427691698074,0.0655094068877551,0.18876442313194275,0.0063981868014998215
11739,3.841772762689607e-06,0.17772051821386076,0.7674984056122449,0.0,0.03965308144688606,0.11045121173469388,0.4968295097351074,7.459198157824704e-06
11765,3.786433186273234e-06,0.17341322521877756,0.6715760522959183,0.017438616071428572,0.07995511591434479,0.2050183354591837,0.4787798821926117,1.2579040635339432e-06
11769,0.0,0.16666322314049586,0.5306720344387755,0.0013352997448979591,0.04348009079694748,0.4265983737244898,0.6508647203445435,0.0
11771,0.0017135479070405782,0.19145659725964298,0.08075573979591837,0.007533482142857143,0.07496331632137299,0.5200693558673469,0.3016276955604553,0.0011299949271198133
11779,1.8518626403570183e-05,0.17451004583705396,0.11192602040816327,0.023975605867346938,0.06907445937395096,0.21332908163265307,0.41533830761909485,7.716475102715401e-06
11780,1.3663169730528228e-05,0.17325471087991212,0.29653619260204084,0.000817123724489796,0.04364796727895737,0.3834701849489796,0.4682188928127289,1.6157591250378133e-05
