img_id,filename,original_path,class_id,class_name,is_train,orig_width,orig_height,bbox_x,bbox_y,bbox_w,bbox_h,bbox_ratio,target_width,target_height,hflip_applied
180,00180_Groove_Billed_Ani_0094_1540.jpg,004.Groove_billed_Ani/Groove_Billed_Ani_0094_1540.jpg,4,004.Groove_billed_Ani,0,500,400,17.0,87.0,433.0,262.0,1.6527,224,224,0
213,00213_Groove_Billed_Ani_0047_1706.jpg,004.Groove_billed_Ani/Groove_Billed_Ani_0047_1706.jpg,4,004.Groove_billed_Ani,1,500,349,115.0,59.0,329.0,255.0,1.2902,224,224,1
325,00325_Parakeet_Auklet_0017_795924.jpg,007.Parakeet_Auklet/Parakeet_Auklet_0017_795924.jpg,7,007.Parakeet_Auklet,0,500,366,138.0,55.0,338.0,259.0,1.305,224,224,1
412,00412_Rhinoceros_Auklet_0004_797541.jpg,008.Rhinoceros_Auklet/Rhinoceros_Auklet_0004_797541.jpg,8,008.Rhinoceros_Auklet,0,500,350,19.0,36.0,356.0,301.0,1.1827,224,224,0
503,00503_Red_Winged_Blackbird_0089_4188.jpg,010.Red_winged_Blackbird/Red_Winged_Blackbird_0089_4188.jpg,10,010.Red_winged_Blackbird,0,500,348,142.0,68.0,332.0,212.0,1.566,224,224,1
562,00562_Rusty_Blackbird_0122_6736.jpg,011.Rusty_Blackbird/Rusty_Blackbird_0122_6736.jpg,11,011.Rusty_Blackbird,1,500,333,95.0,64.0,270.0,238.0,1.1345,224,224,0
646,00646_Yellow_Headed_Blackbird_0098_8367.jpg,012.Yellow_headed_Blackbird/Yellow_Headed_Blackbird_0098_8367.jpg,12,012.Yellow_headed_Blackbird,0,500,375,98.0,102.0,270.0,178.0,1.5169,224,224,1
699,00699_Bobolink_0002_11085.jpg,013.Bobolink/Bobolink_0002_11085.jpg,13,013.Bobolink,1,500,376,19.0,47.0,264.0,206.0,1.2816,224,224,0
702,00702_Bobolink_0064_10092.jpg,013.Bobolink/Bobolink_0064_10092.jpg,13,013.Bobolink,1,500,318,84.0,68.0,370.0,232.0,1.5948,224,224,1
742,00742_Indigo_Bunting_0073_13933.jpg,014.Indigo_Bunting/Indigo_Bunting_0073_13933.jpg,14,014.Indigo_Bunting,0,411,500,150.0,145.0,239.0,239.0,1.0,224,224,1
773,00773_Indigo_Bunting_0033_12777.jpg,014.Indigo_Bunting/Indigo_Bunting_0033_12777.jpg,14,014.Indigo_Bunting,0,333,500,52.0,147.0,260.0,200.0,1.3,224,224,1
775,00775_Indigo_Bunting_0006_14317.jpg,014.Indigo_Bunting/Indigo_Bunting_0006_14317.jpg,14,014.Indigo_Bunting,1,500,500,7.0,105.0,431.0,288.0,1.4965,224,224,0
791,00791_Lazuli_Bunting_0027_14895.jpg,015.Lazuli_Bunting/Lazuli_Bunting_0027_14895.jpg,15,015.Lazuli_Bunting,1,500,420,69.0,87.0,300.0,179.0,1.676,224,224,0
839,00839_Painted_Bunting_0004_16641.jpg,016.Painted_Bunting/Painted_Bunting_0004_16641.jpg,16,016.Painted_Bunting,0,500,389,87.0,47.0,378.0,246.0,1.5366,224,224,1
853,00853_Painted_Bunting_0025_16722.jpg,016.Painted_Bunting/Painted_Bunting_0025_16722.jpg,16,016.Painted_Bunting,1,500,338,178.0,79.0,262.0,202.0,1.297,224,224,1
892,00892_Painted_Bunting_0032_16605.jpg,016.Painted_Bunting/Painted_Bunting_0032_16605.jpg,16,016.Painted_Bunting,0,500,375,73.0,81.0,241.0,203.0,1.1872,224,224,0
894,00894_Painted_Bunting_0060_15224.jpg,016.Painted_Bunting/Painted_Bunting_0060_15224.jpg,16,016.Painted_Bunting,1,500,333,94.0,107.0,154.0,121.0,1.2727,224,224,0
916,00916_Cardinal_0019_17368.jpg,017.Cardinal/Cardinal_0019_17368.jpg,17,017.Cardinal,1,500,333,125.0,89.0,374.0,236.0,1.5847,224,224,1
927,00927_Cardinal_0020_18664.jpg,017.Cardinal/Cardinal_0020_18664.jpg,17,017.Cardinal,1,500,386,87.0,68.0,384.0,277.0,1.3863,224,224,1
935,00935_Cardinal_0037_18092.jpg,017.Cardinal/Cardinal_0037_18092.jpg,17,017.Cardinal,1,445,500,53.0,97.0,238.0,264.0,0.9015,224,224,0
937,00937_Cardinal_0056_18352.jpg,017.Cardinal/Cardinal_0056_18352.jpg,17,017.Cardinal,1,500,375,98.0,1.0,349.0,357.0,0.9776,224,224,1
947,00947_Cardinal_0057_17128.jpg,017.Cardinal/Cardinal_0057_17128.jpg,17,017.Cardinal,1,500,393,26.0,32.0,415.0,251.0,1.6534,224,224,0
998,00998_Gray_Catbird_0043_21008.jpg,019.Gray_Catbird/Gray_Catbird_0043_21008.jpg,19,019.Gray_Catbird,0,500,333,86.0,87.0,201.0,161.0,1.2484,224,224,0
999,00999_Gray_Catbird_0032_21551.jpg,019.Gray_Catbird/Gray_Catbird_0032_21551.jpg,19,019.Gray_Catbird,0,500,375,2.0,69.0,457.0,311.0,1.4695,224,224,0
1014,01014_Gray_Catbird_0075_21125.jpg,019.Gray_Catbird/Gray_Catbird_0075_21125.jpg,19,019.Gray_Catbird,0,500,383,49.0,48.0,355.0,318.0,1.1164,224,224,0
1047,01047_Gray_Catbird_0138_20945.jpg,019.Gray_Catbird/Gray_Catbird_0138_20945.jpg,19,019.Gray_Catbird,0,446,500,31.0,6.0,414.0,426.0,0.9718,224,224,1
1062,01062_Yellow_Breasted_Chat_0063_21783.jpg,020.Yellow_breasted_Chat/Yellow_Breasted_Chat_0063_21783.jpg,20,020.Yellow_breasted_Chat,0,500,398,82.0,123.0,277.0,205.0,1.3512,224,224,0
1083,01083_Yellow_Breasted_Chat_0071_22129.jpg,020.Yellow_breasted_Chat/Yellow_Breasted_Chat_0071_22129.jpg,20,020.Yellow_breasted_Chat,1,500,336,100.0,160.0,194.0,129.0,1.5039,224,224,0
1146,01146_Eastern_Towhee_0007_22172.jpg,021.Eastern_Towhee/Eastern_Towhee_0007_22172.jpg,21,021.Eastern_Towhee,1,500,413,20.0,60.0,390.0,267.0,1.4607,224,224,0
1148,01148_Eastern_Towhee_0108_22182.jpg,021.Eastern_Towhee/Eastern_Towhee_0108_22182.jpg,21,021.Eastern_Towhee,0,500,357,21.0,97.0,276.0,202.0,1.3663,224,224,0
1152,01152_Eastern_Towhee_0117_22741.jpg,021.Eastern_Towhee/Eastern_Towhee_0117_22741.jpg,21,021.Eastern_Towhee,1,500,356,265.0,152.0,180.0,163.0,1.1043,224,224,1
1165,01165_Eastern_Towhee_0082_22330.jpg,021.Eastern_Towhee/Eastern_Towhee_0082_22330.jpg,21,021.Eastern_Towhee,1,500,333,88.0,110.0,212.0,148.0,1.4324,224,224,1
1166,01166_Eastern_Towhee_0013_22336.jpg,021.Eastern_Towhee/Eastern_Towhee_0013_22336.jpg,21,021.Eastern_Towhee,1,500,351,25.0,110.0,292.0,186.0,1.5699,224,224,0
1171,01171_Eastern_Towhee_0027_22372.jpg,021.Eastern_Towhee/Eastern_Towhee_0027_22372.jpg,21,021.Eastern_Towhee,1,436,500,55.0,21.0,331.0,470.0,0.7043,224,224,1
1174,01174_Eastern_Towhee_0062_22418.jpg,021.Eastern_Towhee/Eastern_Towhee_0062_22418.jpg,21,021.Eastern_Towhee,0,500,375,220.0,179.0,255.0,167.0,1.5269,224,224,1
1405,01405_Bronzed_Cowbird_0012_796247.jpg,026.Bronzed_Cowbird/Bronzed_Cowbird_0012_796247.jpg,26,026.Bronzed_Cowbird,1,500,391,20.0,105.0,370.0,227.0,1.63,224,224,0
1419,01419_Bronzed_Cowbird_0022_796221.jpg,026.Bronzed_Cowbird/Bronzed_Cowbird_0022_796221.jpg,26,026.Bronzed_Cowbird,0,500,333,29.0,77.0,391.0,256.0,1.5273,224,224,0
1422,01422_Bronzed_Cowbird_0043_796224.jpg,026.Bronzed_Cowbird/Bronzed_Cowbird_0043_796224.jpg,26,026.Bronzed_Cowbird,0,500,374,50.0,97.0,325.0,224.0,1.4509,224,224,0
1426,01426_Bronzed_Cowbird_0040_24134.jpg,026.Bronzed_Cowbird/Bronzed_Cowbird_0040_24134.jpg,26,026.Bronzed_Cowbird,1,500,333,204.0,123.0,128.0,101.0,1.2673,224,224,1
1444,01444_Bronzed_Cowbird_0053_24170.jpg,026.Bronzed_Cowbird/Bronzed_Cowbird_0053_24170.jpg,26,026.Bronzed_Cowbird,1,500,343,237.0,64.0,244.0,253.0,0.9644,224,224,1
1454,01454_Bronzed_Cowbird_0019_796242.jpg,026.Bronzed_Cowbird/Bronzed_Cowbird_0019_796242.jpg,26,026.Bronzed_Cowbird,0,500,333,57.0,81.0,260.0,167.0,1.5569,224,224,0
1506,01506_Shiny_Cowbird_0043_796857.jpg,027.Shiny_Cowbird/Shiny_Cowbird_0043_796857.jpg,27,027.Shiny_Cowbird,0,280,191,24.0,26.0,225.0,149.0,1.5101,224,224,1
1521,01521_Shiny_Cowbird_0032_24284.jpg,027.Shiny_Cowbird/Shiny_Cowbird_0032_24284.jpg,27,027.Shiny_Cowbird,0,500,354,106.0,58.0,290.0,175.0,1.6571,224,224,0
1582,01582_American_Crow_0117_25090.jpg,029.American_Crow/American_Crow_0117_25090.jpg,29,029.American_Crow,1,500,333,88.0,55.0,275.0,218.0,1.2615,224,224,0
1621,01621_American_Crow_0074_25350.jpg,029.American_Crow/American_Crow_0074_25350.jpg,29,029.American_Crow,1,500,339,28.0,29.0,441.0,267.0,1.6517,224,224,1
1624,01624_American_Crow_0047_25397.jpg,029.American_Crow/American_Crow_0047_25397.jpg,29,029.American_Crow,1,500,367,15.0,60.0,437.0,258.0,1.6938,224,224,0
1627,01627_American_Crow_0031_25433.jpg,029.American_Crow/American_Crow_0031_25433.jpg,29,029.American_Crow,0,500,333,121.0,24.0,364.0,270.0,1.3481,224,224,1
1659,01659_Fish_Crow_0085_25919.jpg,030.Fish_Crow/Fish_Crow_0085_25919.jpg,30,030.Fish_Crow,0,456,311,117.0,63.0,266.0,175.0,1.52,224,224,1
1685,01685_Fish_Crow_0001_26031.jpg,030.Fish_Crow/Fish_Crow_0001_26031.jpg,30,030.Fish_Crow,1,500,360,173.0,81.0,300.0,200.0,1.5,224,224,1
1941,01941_Purple_Finch_0110_27750.jpg,035.Purple_Finch/Purple_Finch_0110_27750.jpg,35,035.Purple_Finch,1,500,333,168.0,34.0,274.0,249.0,1.1004,224,224,1
1960,01960_Purple_Finch_0091_27425.jpg,035.Purple_Finch/Purple_Finch_0091_27425.jpg,35,035.Purple_Finch,0,500,325,48.0,91.0,255.0,194.0,1.3144,224,224,0
1964,01964_Purple_Finch_0020_27961.jpg,035.Purple_Finch/Purple_Finch_0020_27961.jpg,35,035.Purple_Finch,0,500,375,48.0,108.0,297.0,177.0,1.678,224,224,0
1976,01976_Purple_Finch_0130_27555.jpg,035.Purple_Finch/Purple_Finch_0130_27555.jpg,35,035.Purple_Finch,0,500,335,33.0,36.0,323.0,263.0,1.2281,224,224,0
1979,01979_Purple_Finch_0004_27565.jpg,035.Purple_Finch/Purple_Finch_0004_27565.jpg,35,035.Purple_Finch,1,500,333,148.0,91.0,351.0,231.0,1.5195,224,224,1
2131,02131_Great_Crested_Flycatcher_0031_29825.jpg,038.Great_Crested_Flycatcher/Great_Crested_Flycatcher_0031_29825.jpg,38,038.Great_Crested_Flycatcher,0,500,334,203.0,109.0,196.0,138.0,1.4203,224,224,0
2357,02357_Vermilion_Flycatcher_0059_42261.jpg,042.Vermilion_Flycatcher/Vermilion_Flycatcher_0059_42261.jpg,42,042.Vermilion_Flycatcher,0,500,413,170.0,65.0,304.0,253.0,1.2016,224,224,1
2594,02594_Gadwall_0058_31660.jpg,046.Gadwall/Gadwall_0058_31660.jpg,46,046.Gadwall,0,500,333,128.0,60.0,250.0,212.0,1.1792,224,224,1
2668,02668_American_Goldfinch_0086_31887.jpg,047.American_Goldfinch/American_Goldfinch_0086_31887.jpg,47,047.American_Goldfinch,1,500,362,145.0,89.0,317.0,235.0,1.3489,224,224,1
2689,02689_American_Goldfinch_0123_32505.jpg,047.American_Goldfinch/American_Goldfinch_0123_32505.jpg,47,047.American_Goldfinch,0,500,375,210.0,56.0,217.0,160.0,1.3562,224,224,1
2718,02718_European_Goldfinch_0041_794645.jpg,048.European_Goldfinch/European_Goldfinch_0041_794645.jpg,48,048.European_Goldfinch,1,500,363,177.0,55.0,248.0,191.0,1.2984,224,224,1
2723,02723_European_Goldfinch_0093_794653.jpg,048.European_Goldfinch/European_Goldfinch_0093_794653.jpg,48,048.European_Goldfinch,1,357,500,80.0,159.0,223.0,135.0,1.6519,224,224,1
2765,02765_European_Goldfinch_0084_33147.jpg,048.European_Goldfinch/European_Goldfinch_0084_33147.jpg,48,048.European_Goldfinch,0,500,379,225.0,100.0,261.0,170.0,1.5353,224,224,1
3022,03022_Western_Grebe_0048_36399.jpg,053.Western_Grebe/Western_Grebe_0048_36399.jpg,53,053.Western_Grebe,0,500,333,187.0,85.0,210.0,147.0,1.4286,224,224,1
3080,03080_Blue_Grosbeak_0041_37174.jpg,054.Blue_Grosbeak/Blue_Grosbeak_0041_37174.jpg,54,054.Blue_Grosbeak,0,465,403,90.0,121.0,232.0,178.0,1.3034,224,224,0
3134,03134_Evening_Grosbeak_0011_37913.jpg,055.Evening_Grosbeak/Evening_Grosbeak_0011_37913.jpg,55,055.Evening_Grosbeak,1,500,333,122.0,54.0,209.0,258.0,0.8101,224,224,0
3135,03135_Evening_Grosbeak_0024_37404.jpg,055.Evening_Grosbeak/Evening_Grosbeak_0024_37404.jpg,55,055.Evening_Grosbeak,0,500,333,9.0,39.0,434.0,277.0,1.5668,224,224,0
3164,03164_Evening_Grosbeak_0069_37684.jpg,055.Evening_Grosbeak/Evening_Grosbeak_0069_37684.jpg,55,055.Evening_Grosbeak,1,500,324,159.0,47.0,287.0,246.0,1.1667,224,224,1
3170,03170_Evening_Grosbeak_0025_37230.jpg,055.Evening_Grosbeak/Evening_Grosbeak_0025_37230.jpg,55,055.Evening_Grosbeak,0,496,500,51.0,152.0,337.0,217.0,1.553,224,224,0
3184,03184_Evening_Grosbeak_0129_37831.jpg,055.Evening_Grosbeak/Evening_Grosbeak_0129_37831.jpg,55,055.Evening_Grosbeak,0,500,334,41.0,89.0,412.0,244.0,1.6885,224,224,0
3187,03187_Evening_Grosbeak_0034_37349.jpg,055.Evening_Grosbeak/Evening_Grosbeak_0034_37349.jpg,55,055.Evening_Grosbeak,1,500,369,140.0,104.0,307.0,231.0,1.329,224,224,1
3281,03281_Rose_Breasted_Grosbeak_0106_39714.jpg,057.Rose_breasted_Grosbeak/Rose_Breasted_Grosbeak_0106_39714.jpg,57,057.Rose_breasted_Grosbeak,1,500,369,30.0,73.0,367.0,226.0,1.6239,224,224,0
3284,03284_Rose_Breasted_Grosbeak_0089_39211.jpg,057.Rose_breasted_Grosbeak/Rose_Breasted_Grosbeak_0089_39211.jpg,57,057.Rose_breasted_Grosbeak,0,500,333,114.0,106.0,191.0,113.0,1.6903,224,224,0
3292,03292_Rose_Breasted_Grosbeak_0069_39254.jpg,057.Rose_breasted_Grosbeak/Rose_Breasted_Grosbeak_0069_39254.jpg,57,057.Rose_breasted_Grosbeak,0,500,319,170.0,135.0,176.0,133.0,1.3233,224,224,0
3360,03360_Pigeon_Guillemot_0098_39902.jpg,058.Pigeon_Guillemot/Pigeon_Guillemot_0098_39902.jpg,58,058.Pigeon_Guillemot,1,500,333,184.0,116.0,214.0,132.0,1.6212,224,224,1
3376,03376_California_Gull_0039_41034.jpg,059.California_Gull/California_Gull_0039_41034.jpg,59,059.California_Gull,0,500,333,294.0,65.0,150.0,101.0,1.4851,224,224,1
3381,03381_California_Gull_0052_41047.jpg,059.California_Gull/California_Gull_0052_41047.jpg,59,059.California_Gull,1,500,406,71.0,96.0,242.0,222.0,1.0901,224,224,0
3462,03462_Glaucous_Winged_Gull_0126_44761.jpg,060.Glaucous_winged_Gull/Glaucous_Winged_Gull_0126_44761.jpg,60,060.Glaucous_winged_Gull,1,500,376,115.0,111.0,263.0,191.0,1.377,224,224,1
3585,03585_Herring_Gull_0068_46392.jpg,062.Herring_Gull/Herring_Gull_0068_46392.jpg,62,062.Herring_Gull,0,500,331,105.0,32.0,359.0,274.0,1.3102,224,224,1
3620,03620_Ivory_Gull_0107_49186.jpg,063.Ivory_Gull/Ivory_Gull_0107_49186.jpg,63,063.Ivory_Gull,1,500,375,122.0,113.0,175.0,136.0,1.2868,224,224,0
3640,03640_Ivory_Gull_0005_49021.jpg,063.Ivory_Gull/Ivory_Gull_0005_49021.jpg,63,063.Ivory_Gull,1,500,333,173.0,48.0,238.0,166.0,1.4337,224,224,1
3702,03702_Ring_Billed_Gull_0054_51414.jpg,064.Ring_billed_Gull/Ring_Billed_Gull_0054_51414.jpg,64,064.Ring_billed_Gull,1,500,375,28.0,47.0,469.0,321.0,1.4611,224,224,1
3751,03751_Slaty_Backed_Gull_0024_796028.jpg,065.Slaty_backed_Gull/Slaty_Backed_Gull_0024_796028.jpg,65,065.Slaty_backed_Gull,0,500,284,35.0,28.0,310.0,226.0,1.3717,224,224,0
4288,04288_Florida_Jay_0044_64664.jpg,074.Florida_Jay/Florida_Jay_0044_64664.jpg,74,074.Florida_Jay,0,500,333,12.0,37.0,349.0,282.0,1.2376,224,224,0
4411,04411_Dark_Eyed_Junco_0102_67402.jpg,076.Dark_eyed_Junco/Dark_Eyed_Junco_0102_67402.jpg,76,076.Dark_eyed_Junco,0,500,375,139.0,99.0,265.0,163.0,1.6258,224,224,1
4474,04474_Tropical_Kingbird_0067_69792.jpg,077.Tropical_Kingbird/Tropical_Kingbird_0067_69792.jpg,77,077.Tropical_Kingbird,0,500,375,19.0,31.0,415.0,301.0,1.3787,224,224,0
4602,04602_Belted_Kingfisher_0006_70625.jpg,079.Belted_Kingfisher/Belted_Kingfisher_0006_70625.jpg,79,079.Belted_Kingfisher,0,406,500,59.0,106.0,263.0,243.0,1.0823,224,224,0
4613,04613_Green_Kingfisher_0046_71178.jpg,080.Green_Kingfisher/Green_Kingfisher_0046_71178.jpg,80,080.Green_Kingfisher,0,500,391,62.0,77.0,396.0,249.0,1.5904,224,224,1
4624,04624_Green_Kingfisher_0074_71214.jpg,080.Green_Kingfisher/Green_Kingfisher_0074_71214.jpg,80,080.Green_Kingfisher,0,500,408,120.0,96.0,283.0,187.0,1.5134,224,224,1
4635,04635_Green_Kingfisher_0071_71255.jpg,080.Green_Kingfisher/Green_Kingfisher_0071_71255.jpg,80,080.Green_Kingfisher,1,500,364,27.0,41.0,458.0,279.0,1.6416,224,224,1
4675,04675_Pied_Kingfisher_0002_71698.jpg,081.Pied_Kingfisher/Pied_Kingfisher_0002_71698.jpg,81,081.Pied_Kingfisher,0,333,500,57.0,105.0,268.0,234.0,1.1453,224,224,1
4700,04700_Pied_Kingfisher_0083_72430.jpg,081.Pied_Kingfisher/Pied_Kingfisher_0083_72430.jpg,81,081.Pied_Kingfisher,1,500,341,160.0,121.0,149.0,115.0,1.2957,224,224,0
4913,04913_Horned_Lark_0033_74344.jpg,085.Horned_Lark/Horned_Lark_0033_74344.jpg,85,085.Horned_Lark,0,500,342,96.0,77.0,246.0,219.0,1.1233,224,224,0
5093,05093_Western_Meadowlark_0125_77850.jpg,088.Western_Meadowlark/Western_Meadowlark_0125_77850.jpg,88,088.Western_Meadowlark,1,500,405,117.0,132.0,171.0,189.0,0.9048,224,224,0
5116,05116_Western_Meadowlark_0040_77823.jpg,088.Western_Meadowlark/Western_Meadowlark_0040_77823.jpg,88,088.Western_Meadowlark,1,500,400,122.0,66.0,332.0,315.0,1.054,224,224,1
5278,05278_Mockingbird_0103_79659.jpg,091.Mockingbird/Mockingbird_0103_79659.jpg,91,091.Mockingbird,1,500,409,81.0,48.0,401.0,352.0,1.1392,224,224,1
5297,05297_Mockingbird_0072_80789.jpg,091.Mockingbird/Mockingbird_0072_80789.jpg,91,091.Mockingbird,1,500,361,186.0,39.0,271.0,195.0,1.3897,224,224,1
5304,05304_Mockingbird_0083_79862.jpg,091.Mockingbird/Mockingbird_0083_79862.jpg,91,091.Mockingbird,1,500,375,1.0,19.0,358.0,322.0,1.1118,224,224,0
5317,05317_Mockingbird_0089_80601.jpg,091.Mockingbird/Mockingbird_0089_80601.jpg,91,091.Mockingbird,0,500,326,281.0,52.0,210.0,163.0,1.2883,224,224,1
5321,05321_Mockingbird_0051_79599.jpg,091.Mockingbird/Mockingbird_0051_79599.jpg,91,091.Mockingbird,0,500,336,61.0,55.0,431.0,274.0,1.573,224,224,1
5399,05399_Clark_Nutcracker_0126_85134.jpg,093.Clark_Nutcracker/Clark_Nutcracker_0126_85134.jpg,93,093.Clark_Nutcracker,0,500,399,83.0,104.0,409.0,269.0,1.5204,224,224,1
5417,05417_Clark_Nutcracker_0003_85296.jpg,093.Clark_Nutcracker/Clark_Nutcracker_0003_85296.jpg,93,093.Clark_Nutcracker,1,500,333,53.0,67.0,338.0,223.0,1.5157,224,224,0
5422,05422_Clark_Nutcracker_0093_84809.jpg,093.Clark_Nutcracker/Clark_Nutcracker_0093_84809.jpg,93,093.Clark_Nutcracker,0,500,357,140.0,61.0,235.0,258.0,0.9109,224,224,1
5441,05441_Clark_Nutcracker_0062_85464.jpg,093.Clark_Nutcracker/Clark_Nutcracker_0062_85464.jpg,93,093.Clark_Nutcracker,1,500,333,146.0,82.0,228.0,171.0,1.3333,224,224,1
5450,05450_White_Breasted_Nuthatch_0068_86033.jpg,094.White_breasted_Nuthatch/White_Breasted_Nuthatch_0068_86033.jpg,94,094.White_breasted_Nuthatch,1,400,500,83.0,137.0,235.0,196.0,1.199,224,224,0
5454,05454_White_Breasted_Nuthatch_0114_86554.jpg,094.White_breasted_Nuthatch/White_Breasted_Nuthatch_0114_86554.jpg,94,094.White_breasted_Nuthatch,1,500,375,111.0,70.0,336.0,244.0,1.377,224,224,1
5509,05509_Baltimore_Oriole_0060_89616.jpg,095.Baltimore_Oriole/Baltimore_Oriole_0060_89616.jpg,95,095.Baltimore_Oriole,0,500,400,219.0,118.0,224.0,190.0,1.1789,224,224,1
5521,05521_Baltimore_Oriole_0083_89712.jpg,095.Baltimore_Oriole/Baltimore_Oriole_0083_89712.jpg,95,095.Baltimore_Oriole,0,500,284,185.0,65.0,254.0,173.0,1.4682,224,224,1
5526,05526_Baltimore_Oriole_0014_87690.jpg,095.Baltimore_Oriole/Baltimore_Oriole_0014_87690.jpg,95,095.Baltimore_Oriole,1,500,311,17.0,27.0,449.0,266.0,1.688,224,224,0
5553,05553_Baltimore_Oriole_0050_89750.jpg,095.Baltimore_Oriole/Baltimore_Oriole_0050_89750.jpg,95,095.Baltimore_Oriole,1,500,375,226.0,186.0,181.0,117.0,1.547,224,224,1
5570,05570_Hooded_Oriole_0024_90157.jpg,096.Hooded_Oriole/Hooded_Oriole_0024_90157.jpg,96,096.Hooded_Oriole,0,500,375,89.0,22.0,358.0,319.0,1.1223,224,224,0
5581,05581_Hooded_Oriole_0091_90821.jpg,096.Hooded_Oriole/Hooded_Oriole_0091_90821.jpg,96,096.Hooded_Oriole,1,477,500,40.0,116.0,410.0,305.0,1.3443,224,224,0
5613,05613_Hooded_Oriole_0014_90594.jpg,096.Hooded_Oriole/Hooded_Oriole_0014_90594.jpg,96,096.Hooded_Oriole,0,280,420,53.0,56.0,214.0,144.0,1.4861,224,224,1
5648,05648_Orchard_Oriole_0035_92003.jpg,097.Orchard_Oriole/Orchard_Oriole_0035_92003.jpg,97,097.Orchard_Oriole,1,500,375,259.0,147.0,177.0,112.0,1.5804,224,224,1
5745,05745_Ovenbird_0050_92672.jpg,099.Ovenbird/Ovenbird_0050_92672.jpg,99,099.Ovenbird,1,500,357,155.0,40.0,293.0,311.0,0.9421,224,224,1
5748,05748_Ovenbird_0047_93203.jpg,099.Ovenbird/Ovenbird_0047_93203.jpg,99,099.Ovenbird,0,333,500,67.0,125.0,233.0,266.0,0.8759,224,224,1
5750,05750_Ovenbird_0022_92702.jpg,099.Ovenbird/Ovenbird_0022_92702.jpg,99,099.Ovenbird,1,500,335,207.0,125.0,167.0,128.0,1.3047,224,224,1
5751,05751_Ovenbird_0093_92705.jpg,099.Ovenbird/Ovenbird_0093_92705.jpg,99,099.Ovenbird,0,500,333,106.0,112.0,246.0,153.0,1.6078,224,224,0
5752,05752_Ovenbird_0033_93232.jpg,099.Ovenbird/Ovenbird_0033_93232.jpg,99,099.Ovenbird,0,500,333,174.0,109.0,158.0,154.0,1.026,224,224,0
5757,05757_Ovenbird_0095_92796.jpg,099.Ovenbird/Ovenbird_0095_92796.jpg,99,099.Ovenbird,0,399,433,97.0,61.0,158.0,321.0,0.4922,224,224,1
5774,05774_Ovenbird_0099_93148.jpg,099.Ovenbird/Ovenbird_0099_93148.jpg,99,099.Ovenbird,0,500,318,46.0,48.0,332.0,258.0,1.2868,224,224,0
5780,05780_Ovenbird_0112_93018.jpg,099.Ovenbird/Ovenbird_0112_93018.jpg,99,099.Ovenbird,1,500,333,77.0,39.0,401.0,268.0,1.4963,224,224,1
5791,05791_Ovenbird_0094_92577.jpg,099.Ovenbird/Ovenbird_0094_92577.jpg,99,099.Ovenbird,0,500,420,119.0,152.0,246.0,163.0,1.5092,224,224,0
5795,05795_Ovenbird_0101_93104.jpg,099.Ovenbird/Ovenbird_0101_93104.jpg,99,099.Ovenbird,0,500,354,74.0,72.0,190.0,250.0,0.76,224,224,0
5802,05802_Ovenbird_0137_92639.jpg,099.Ovenbird/Ovenbird_0137_92639.jpg,99,099.Ovenbird,1,500,334,177.0,2.0,263.0,285.0,0.9228,224,224,1
5803,05803_Ovenbird_0135_93168.jpg,099.Ovenbird/Ovenbird_0135_93168.jpg,99,099.Ovenbird,1,500,350,121.0,121.0,211.0,145.0,1.4552,224,224,0
5804,05804_Ovenbird_0102_93172.jpg,099.Ovenbird/Ovenbird_0102_93172.jpg,99,099.Ovenbird,1,500,359,107.0,119.0,305.0,231.0,1.3203,224,224,1
6042,06042_American_Pipit_0082_99867.jpg,104.American_Pipit/American_Pipit_0082_99867.jpg,104,104.American_Pipit,1,500,333,24.0,109.0,229.0,137.0,1.6715,224,224,0
6053,06053_American_Pipit_0019_99810.jpg,104.American_Pipit/American_Pipit_0019_99810.jpg,104,104.American_Pipit,1,500,363,22.0,106.0,273.0,231.0,1.1818,224,224,0
6056,06056_American_Pipit_0059_99628.jpg,104.American_Pipit/American_Pipit_0059_99628.jpg,104,104.American_Pipit,0,500,352,97.0,89.0,207.0,233.0,0.8884,224,224,0
6081,06081_American_Pipit_0062_100000.jpg,104.American_Pipit/American_Pipit_0062_100000.jpg,104,104.American_Pipit,1,500,375,186.0,54.0,247.0,274.0,0.9015,224,224,1
6093,06093_American_Pipit_0119_99622.jpg,104.American_Pipit/American_Pipit_0119_99622.jpg,104,104.American_Pipit,0,500,400,195.0,133.0,250.0,163.0,1.5337,224,224,1
6188,06188_Horned_Puffin_0056_101030.jpg,106.Horned_Puffin/Horned_Puffin_0056_101030.jpg,106,106.Horned_Puffin,1,500,357,48.0,66.0,202.0,251.0,0.8048,224,224,0
6305,06305_White_Necked_Raven_0050_797374.jpg,108.White_necked_Raven/White_Necked_Raven_0050_797374.jpg,108,108.White_necked_Raven,1,500,327,49.0,34.0,339.0,279.0,1.2151,224,224,0
6363,06363_American_Redstart_0033_103783.jpg,109.American_Redstart/American_Redstart_0033_103783.jpg,109,109.American_Redstart,1,500,333,174.0,107.0,248.0,146.0,1.6986,224,224,1
6368,06368_American_Redstart_0037_102818.jpg,109.American_Redstart/American_Redstart_0037_102818.jpg,109,109.American_Redstart,0,500,332,144.0,79.0,115.0,210.0,0.5476,224,224,1
6373,06373_American_Redstart_0087_103371.jpg,109.American_Redstart/American_Redstart_0087_103371.jpg,109,109.American_Redstart,1,500,443,123.0,139.0,334.0,208.0,1.6058,224,224,1
6462,06462_Loggerhead_Shrike_0052_105120.jpg,111.Loggerhead_Shrike/Loggerhead_Shrike_0052_105120.jpg,111,111.Loggerhead_Shrike,1,500,375,176.0,129.0,194.0,120.0,1.6167,224,224,1
6494,06494_Loggerhead_Shrike_0021_104885.jpg,111.Loggerhead_Shrike/Loggerhead_Shrike_0021_104885.jpg,111,111.Loggerhead_Shrike,0,500,333,54.0,84.0,249.0,170.0,1.4647,224,224,0
6522,06522_Great_Grey_Shrike_0010_797023.jpg,112.Great_Grey_Shrike/Great_Grey_Shrike_0010_797023.jpg,112,112.Great_Grey_Shrike,0,500,391,75.0,93.0,296.0,233.0,1.2704,224,224,0
6541,06541_Great_Grey_Shrike_0025_106622.jpg,112.Great_Grey_Shrike/Great_Grey_Shrike_0025_106622.jpg,112,112.Great_Grey_Shrike,0,500,344,135.0,70.0,179.0,195.0,0.9179,224,224,0
6558,06558_Great_Grey_Shrike_0016_106720.jpg,112.Great_Grey_Shrike/Great_Grey_Shrike_0016_106720.jpg,112,112.Great_Grey_Shrike,1,333,500,50.0,122.0,217.0,173.0,1.2543,224,224,0
6620,06620_Black_Throated_Sparrow_0003_107035.jpg,114.Black_throated_Sparrow/Black_Throated_Sparrow_0003_107035.jpg,114,114.Black_throated_Sparrow,0,500,377,77.0,148.0,268.0,188.0,1.4255,224,224,0
6626,06626_Black_Throated_Sparrow_0084_107066.jpg,114.Black_throated_Sparrow/Black_Throated_Sparrow_0084_107066.jpg,114,114.Black_throated_Sparrow,0,500,303,212.0,101.0,159.0,148.0,1.0743,224,224,1
6631,06631_Black_Throated_Sparrow_0065_107087.jpg,114.Black_throated_Sparrow/Black_Throated_Sparrow_0065_107087.jpg,114,114.Black_throated_Sparrow,1,500,475,86.0,89.0,295.0,207.0,1.4251,224,224,0
6634,06634_Black_Throated_Sparrow_0023_107104.jpg,114.Black_throated_Sparrow/Black_Throated_Sparrow_0023_107104.jpg,114,114.Black_throated_Sparrow,1,497,500,79.0,177.0,255.0,161.0,1.5839,224,224,0
6654,06654_Black_Throated_Sparrow_0055_107213.jpg,114.Black_throated_Sparrow/Black_Throated_Sparrow_0055_107213.jpg,114,114.Black_throated_Sparrow,1,500,334,105.0,44.0,214.0,256.0,0.8359,224,224,0
6655,06655_Black_Throated_Sparrow_0049_106958.jpg,114.Black_throated_Sparrow/Black_Throated_Sparrow_0049_106958.jpg,114,114.Black_throated_Sparrow,1,500,321,137.0,109.0,199.0,134.0,1.4851,224,224,0
6657,06657_Black_Throated_Sparrow_0051_107217.jpg,114.Black_throated_Sparrow/Black_Throated_Sparrow_0051_107217.jpg,114,114.Black_throated_Sparrow,0,500,375,143.0,165.0,158.0,105.0,1.5048,224,224,0
6664,06664_Black_Throated_Sparrow_0001_107233.jpg,114.Black_throated_Sparrow/Black_Throated_Sparrow_0001_107233.jpg,114,114.Black_throated_Sparrow,1,500,352,195.0,134.0,193.0,116.0,1.6638,224,224,1
6673,06673_Brewer_Sparrow_0034_796693.jpg,115.Brewer_Sparrow/Brewer_Sparrow_0034_796693.jpg,115,115.Brewer_Sparrow,0,500,400,107.0,105.0,375.0,224.0,1.6741,224,224,1
6744,06744_Chipping_Sparrow_0052_109874.jpg,116.Chipping_Sparrow/Chipping_Sparrow_0052_109874.jpg,116,116.Chipping_Sparrow,0,500,366,2.0,32.0,403.0,315.0,1.2794,224,224,0
6747,06747_Chipping_Sparrow_0075_108348.jpg,116.Chipping_Sparrow/Chipping_Sparrow_0075_108348.jpg,116,116.Chipping_Sparrow,0,500,333,0.0,1.0,409.0,320.0,1.2781,224,224,0
6759,06759_Chipping_Sparrow_0091_108308.jpg,116.Chipping_Sparrow/Chipping_Sparrow_0091_108308.jpg,116,116.Chipping_Sparrow,0,500,342,18.0,131.0,227.0,191.0,1.1885,224,224,0
6778,06778_Chipping_Sparrow_0085_109506.jpg,116.Chipping_Sparrow/Chipping_Sparrow_0085_109506.jpg,116,116.Chipping_Sparrow,0,500,333,223.0,126.0,238.0,145.0,1.6414,224,224,1
6787,06787_Chipping_Sparrow_0032_108882.jpg,116.Chipping_Sparrow/Chipping_Sparrow_0032_108882.jpg,116,116.Chipping_Sparrow,1,500,467,0.0,52.0,441.0,413.0,1.0678,224,224,0
6797,06797_Clay_Colored_Sparrow_0001_110632.jpg,117.Clay_colored_Sparrow/Clay_Colored_Sparrow_0001_110632.jpg,117,117.Clay_colored_Sparrow,0,400,337,111.0,106.0,216.0,188.0,1.1489,224,224,1
6824,06824_Clay_Colored_Sparrow_0068_110706.jpg,117.Clay_colored_Sparrow/Clay_Colored_Sparrow_0068_110706.jpg,117,117.Clay_colored_Sparrow,0,500,389,18.0,155.0,289.0,174.0,1.6609,224,224,0
6857,06857_House_Sparrow_0059_111164.jpg,118.House_Sparrow/House_Sparrow_0059_111164.jpg,118,118.House_Sparrow,1,500,378,145.0,134.0,267.0,162.0,1.6481,224,224,1
6873,06873_House_Sparrow_0133_112368.jpg,118.House_Sparrow/House_Sparrow_0133_112368.jpg,118,118.House_Sparrow,1,500,380,54.0,76.0,326.0,200.0,1.63,224,224,0
6876,06876_House_Sparrow_0067_112913.jpg,118.House_Sparrow/House_Sparrow_0067_112913.jpg,118,118.House_Sparrow,1,500,375,67.0,130.0,220.0,149.0,1.4765,224,224,0
6892,06892_House_Sparrow_0082_112478.jpg,118.House_Sparrow/House_Sparrow_0082_112478.jpg,118,118.House_Sparrow,1,500,333,228.0,67.0,182.0,194.0,0.9381,224,224,1
6911,06911_Field_Sparrow_0063_113667.jpg,119.Field_Sparrow/Field_Sparrow_0063_113667.jpg,119,119.Field_Sparrow,0,500,333,21.0,71.0,212.0,174.0,1.2184,224,224,0
6919,06919_Field_Sparrow_0121_113455.jpg,119.Field_Sparrow/Field_Sparrow_0121_113455.jpg,119,119.Field_Sparrow,1,500,304,96.0,60.0,284.0,242.0,1.1736,224,224,0
6968,06968_Field_Sparrow_0125_113869.jpg,119.Field_Sparrow/Field_Sparrow_0125_113869.jpg,119,119.Field_Sparrow,1,500,375,133.0,88.0,190.0,167.0,1.1377,224,224,0
6975,06975_Fox_Sparrow_0022_115248.jpg,120.Fox_Sparrow/Fox_Sparrow_0022_115248.jpg,120,120.Fox_Sparrow,0,333,500,42.0,113.0,283.0,294.0,0.9626,224,224,1
6976,06976_Fox_Sparrow_0135_115251.jpg,120.Fox_Sparrow/Fox_Sparrow_0135_115251.jpg,120,120.Fox_Sparrow,0,500,370,135.0,54.0,305.0,292.0,1.0445,224,224,1
6982,06982_Fox_Sparrow_0026_115281.jpg,120.Fox_Sparrow/Fox_Sparrow_0026_115281.jpg,120,120.Fox_Sparrow,0,500,333,115.0,72.0,355.0,212.0,1.6745,224,224,1
6990,06990_Fox_Sparrow_0039_114816.jpg,120.Fox_Sparrow/Fox_Sparrow_0039_114816.jpg,120,120.Fox_Sparrow,1,500,357,52.0,64.0,358.0,226.0,1.5841,224,224,0
6992,06992_Fox_Sparrow_0013_114344.jpg,120.Fox_Sparrow/Fox_Sparrow_0013_114344.jpg,120,120.Fox_Sparrow,0,500,355,108.0,30.0,363.0,307.0,1.1824,224,224,1
7013,07013_Fox_Sparrow_0047_115022.jpg,120.Fox_Sparrow/Fox_Sparrow_0047_115022.jpg,120,120.Fox_Sparrow,0,500,333,131.0,43.0,241.0,251.0,0.9602,224,224,1
7019,07019_Fox_Sparrow_0054_114541.jpg,120.Fox_Sparrow/Fox_Sparrow_0054_114541.jpg,120,120.Fox_Sparrow,0,500,367,80.0,80.0,305.0,187.0,1.631,224,224,0
7025,07025_Fox_Sparrow_0081_115630.jpg,120.Fox_Sparrow/Fox_Sparrow_0081_115630.jpg,120,120.Fox_Sparrow,0,500,335,244.0,89.0,214.0,175.0,1.2229,224,224,1
7029,07029_Fox_Sparrow_0124_114662.jpg,120.Fox_Sparrow/Fox_Sparrow_0124_114662.jpg,120,120.Fox_Sparrow,1,225,217,7.0,29.0,215.0,138.0,1.558,224,224,1
7062,07062_Grasshopper_Sparrow_0012_115849.jpg,121.Grasshopper_Sparrow/Grasshopper_Sparrow_0012_115849.jpg,121,121.Grasshopper_Sparrow,0,500,336,25.0,82.0,325.0,223.0,1.4574,224,224,0
7081,07081_Grasshopper_Sparrow_0049_115918.jpg,121.Grasshopper_Sparrow/Grasshopper_Sparrow_0049_115918.jpg,121,121.Grasshopper_Sparrow,0,500,361,71.0,33.0,234.0,309.0,0.7573,224,224,0
7103,07103_Harris_Sparrow_0056_116532.jpg,122.Harris_Sparrow/Harris_Sparrow_0056_116532.jpg,122,122.Harris_Sparrow,1,500,414,151.0,94.0,283.0,177.0,1.5989,224,224,1
7105,07105_Harris_Sparrow_0082_116660.jpg,122.Harris_Sparrow/Harris_Sparrow_0082_116660.jpg,122,122.Harris_Sparrow,0,500,438,156.0,183.0,129.0,118.0,1.0932,224,224,0
7106,07106_Harris_Sparrow_0074_116539.jpg,122.Harris_Sparrow/Harris_Sparrow_0074_116539.jpg,122,122.Harris_Sparrow,1,500,375,221.0,79.0,150.0,122.0,1.2295,224,224,1
7128,07128_Harris_Sparrow_0010_116376.jpg,122.Harris_Sparrow/Harris_Sparrow_0010_116376.jpg,122,122.Harris_Sparrow,0,500,333,187.0,73.0,300.0,204.0,1.4706,224,224,1
7175,07175_Henslow_Sparrow_0100_796565.jpg,123.Henslow_Sparrow/Henslow_Sparrow_0100_796565.jpg,123,123.Henslow_Sparrow,0,400,361,19.0,53.0,274.0,257.0,1.0661,224,224,0
7189,07189_Henslow_Sparrow_0084_796587.jpg,123.Henslow_Sparrow/Henslow_Sparrow_0084_796587.jpg,123,123.Henslow_Sparrow,0,500,371,94.0,36.0,369.0,312.0,1.1827,224,224,1
7201,07201_Henslow_Sparrow_0002_116930.jpg,123.Henslow_Sparrow/Henslow_Sparrow_0002_116930.jpg,123,123.Henslow_Sparrow,1,500,333,168.0,92.0,183.0,190.0,0.9632,224,224,1
7208,07208_Henslow_Sparrow_0085_116971.jpg,123.Henslow_Sparrow/Henslow_Sparrow_0085_116971.jpg,123,123.Henslow_Sparrow,1,500,500,138.0,156.0,336.0,265.0,1.2679,224,224,1
7214,07214_Le_Conte_Sparrow_0007_795148.jpg,124.Le_Conte_Sparrow/Le_Conte_Sparrow_0007_795148.jpg,124,124.Le_Conte_Sparrow,1,500,396,115.0,118.0,376.0,269.0,1.3978,224,224,1
7226,07226_Le_Conte_Sparrow_0086_795170.jpg,124.Le_Conte_Sparrow/Le_Conte_Sparrow_0086_795170.jpg,124,124.Le_Conte_Sparrow,0,240,171,31.0,15.0,204.0,138.0,1.4783,224,224,1
7233,07233_Le_Conte_Sparrow_0097_795183.jpg,124.Le_Conte_Sparrow/Le_Conte_Sparrow_0097_795183.jpg,124,124.Le_Conte_Sparrow,0,500,380,122.0,94.0,310.0,228.0,1.3596,224,224,1
7248,07248_Le_Conte_Sparrow_0043_795213.jpg,124.Le_Conte_Sparrow/Le_Conte_Sparrow_0043_795213.jpg,124,124.Le_Conte_Sparrow,1,333,500,58.0,158.0,265.0,326.0,0.8129,224,224,1
7274,07274_Lincoln_Sparrow_0119_117270.jpg,125.Lincoln_Sparrow/Lincoln_Sparrow_0119_117270.jpg,125,125.Lincoln_Sparrow,1,500,333,171.0,84.0,219.0,196.0,1.1173,224,224,1
7279,07279_Lincoln_Sparrow_0092_117294.jpg,125.Lincoln_Sparrow/Lincoln_Sparrow_0092_117294.jpg,125,125.Lincoln_Sparrow,0,500,375,173.0,85.0,236.0,203.0,1.1626,224,224,1
7294,07294_Lincoln_Sparrow_0046_117405.jpg,125.Lincoln_Sparrow/Lincoln_Sparrow_0046_117405.jpg,125,125.Lincoln_Sparrow,1,500,417,4.0,123.0,318.0,288.0,1.1042,224,224,0
7295,07295_Lincoln_Sparrow_0079_117919.jpg,125.Lincoln_Sparrow/Lincoln_Sparrow_0079_117919.jpg,125,125.Lincoln_Sparrow,1,500,471,40.0,41.0,454.0,377.0,1.2042,224,224,1
7309,07309_Lincoln_Sparrow_0052_117521.jpg,125.Lincoln_Sparrow/Lincoln_Sparrow_0052_117521.jpg,125,125.Lincoln_Sparrow,0,500,418,113.0,95.0,307.0,270.0,1.137,224,224,1
7312,07312_Lincoln_Sparrow_0009_117535.jpg,125.Lincoln_Sparrow/Lincoln_Sparrow_0009_117535.jpg,125,125.Lincoln_Sparrow,1,500,370,172.0,107.0,233.0,152.0,1.5329,224,224,1
7317,07317_Lincoln_Sparrow_0112_117631.jpg,125.Lincoln_Sparrow/Lincoln_Sparrow_0112_117631.jpg,125,125.Lincoln_Sparrow,0,500,454,141.0,164.0,198.0,153.0,1.2941,224,224,0
7320,07320_Lincoln_Sparrow_0044_117687.jpg,125.Lincoln_Sparrow/Lincoln_Sparrow_0044_117687.jpg,125,125.Lincoln_Sparrow,1,500,397,86.0,92.0,258.0,268.0,0.9627,224,224,0
7324,07324_Lincoln_Sparrow_0050_117744.jpg,125.Lincoln_Sparrow/Lincoln_Sparrow_0050_117744.jpg,125,125.Lincoln_Sparrow,1,500,375,62.0,117.0,242.0,205.0,1.1805,224,224,0
7375,07375_Nelson_Sharp_Tailed_Sparrow_0017_796910.jpg,126.Nelson_Sharp_tailed_Sparrow/Nelson_Sharp_Tailed_Sparrow_0017_796910.jpg,126,126.Nelson_Sharp_tailed_Sparrow,1,350,261,41.0,17.0,282.0,205.0,1.3756,224,224,1
7417,07417_Savannah_Sparrow_0054_120057.jpg,127.Savannah_Sparrow/Savannah_Sparrow_0054_120057.jpg,127,127.Savannah_Sparrow,1,432,346,37.0,82.0,311.0,202.0,1.5396,224,224,0
7456,07456_Seaside_Sparrow_0017_796513.jpg,128.Seaside_Sparrow/Seaside_Sparrow_0017_796513.jpg,128,128.Seaside_Sparrow,1,450,295,11.0,27.0,423.0,261.0,1.6207,224,224,0
7458,07458_Seaside_Sparrow_0068_796515.jpg,128.Seaside_Sparrow/Seaside_Sparrow_0068_796515.jpg,128,128.Seaside_Sparrow,0,500,345,134.0,114.0,152.0,132.0,1.1515,224,224,0
7486,07486_Seaside_Sparrow_0020_120743.jpg,128.Seaside_Sparrow/Seaside_Sparrow_0020_120743.jpg,128,128.Seaside_Sparrow,0,500,333,63.0,85.0,237.0,229.0,1.0349,224,224,0
7487,07487_Seaside_Sparrow_0058_120744.jpg,128.Seaside_Sparrow/Seaside_Sparrow_0058_120744.jpg,128,128.Seaside_Sparrow,0,500,424,103.0,107.0,283.0,235.0,1.2043,224,224,0
7505,07505_Seaside_Sparrow_0019_120826.jpg,128.Seaside_Sparrow/Seaside_Sparrow_0019_120826.jpg,128,128.Seaside_Sparrow,0,500,357,221.0,135.0,214.0,193.0,1.1088,224,224,1
7513,07513_Song_Sparrow_0061_120891.jpg,129.Song_Sparrow/Song_Sparrow_0061_120891.jpg,129,129.Song_Sparrow,1,500,420,105.0,118.0,308.0,216.0,1.4259,224,224,1
7516,07516_Song_Sparrow_0126_120901.jpg,129.Song_Sparrow/Song_Sparrow_0126_120901.jpg,129,129.Song_Sparrow,0,500,380,36.0,53.0,427.0,314.0,1.3599,224,224,0
7536,07536_Song_Sparrow_0087_121062.jpg,129.Song_Sparrow/Song_Sparrow_0087_121062.jpg,129,129.Song_Sparrow,1,500,358,57.0,30.0,421.0,306.0,1.3758,224,224,1
7540,07540_Song_Sparrow_0057_121090.jpg,129.Song_Sparrow/Song_Sparrow_0057_121090.jpg,129,129.Song_Sparrow,0,500,401,65.0,122.0,311.0,205.0,1.5171,224,224,0
7544,07544_Song_Sparrow_0007_121133.jpg,129.Song_Sparrow/Song_Sparrow_0007_121133.jpg,129,129.Song_Sparrow,1,475,500,141.0,134.0,221.0,216.0,1.0231,224,224,1
7545,07545_Song_Sparrow_0091_121651.jpg,129.Song_Sparrow/Song_Sparrow_0091_121651.jpg,129,129.Song_Sparrow,1,500,363,23.0,63.0,406.0,265.0,1.5321,224,224,0
7571,07571_Tree_Sparrow_0007_122911.jpg,130.Tree_Sparrow/Tree_Sparrow_0007_122911.jpg,130,130.Tree_Sparrow,1,419,500,57.0,109.0,267.0,219.0,1.2192,224,224,0
7575,07575_Tree_Sparrow_0100_122945.jpg,130.Tree_Sparrow/Tree_Sparrow_0100_122945.jpg,130,130.Tree_Sparrow,1,500,334,116.0,100.0,203.0,129.0,1.5736,224,224,0
7585,07585_Tree_Sparrow_0041_123497.jpg,130.Tree_Sparrow/Tree_Sparrow_0041_123497.jpg,130,130.Tree_Sparrow,1,500,462,84.0,45.0,316.0,372.0,0.8495,224,224,1
7596,07596_Tree_Sparrow_0080_124120.jpg,130.Tree_Sparrow/Tree_Sparrow_0080_124120.jpg,130,130.Tree_Sparrow,0,500,334,3.0,45.0,421.0,273.0,1.5421,224,224,0
7597,07597_Tree_Sparrow_0113_123613.jpg,130.Tree_Sparrow/Tree_Sparrow_0113_123613.jpg,130,130.Tree_Sparrow,0,500,400,15.0,103.0,391.0,250.0,1.564,224,224,0
7603,07603_Tree_Sparrow_0105_123227.jpg,130.Tree_Sparrow/Tree_Sparrow_0105_123227.jpg,130,130.Tree_Sparrow,0,500,400,76.0,54.0,413.0,295.0,1.4,224,224,1
7605,07605_Tree_Sparrow_0086_123751.jpg,130.Tree_Sparrow/Tree_Sparrow_0086_123751.jpg,130,130.Tree_Sparrow,1,500,333,45.0,142.0,210.0,149.0,1.4094,224,224,0
7606,07606_Tree_Sparrow_0088_125305.jpg,130.Tree_Sparrow/Tree_Sparrow_0088_125305.jpg,130,130.Tree_Sparrow,0,500,309,108.0,102.0,142.0,161.0,0.882,224,224,0
7681,07681_Vesper_Sparrow_0030_125663.jpg,131.Vesper_Sparrow/Vesper_Sparrow_0030_125663.jpg,131,131.Vesper_Sparrow,0,500,333,92.0,63.0,169.0,111.0,1.5225,224,224,0
7688,07688_White_Crowned_Sparrow_0087_128008.jpg,132.White_crowned_Sparrow/White_Crowned_Sparrow_0087_128008.jpg,132,132.White_crowned_Sparrow,1,500,460,48.0,48.0,387.0,380.0,1.0184,224,224,0
7723,07723_White_Crowned_Sparrow_0017_125829.jpg,132.White_crowned_Sparrow/White_Crowned_Sparrow_0017_125829.jpg,132,132.White_crowned_Sparrow,0,500,409,24.0,77.0,322.0,232.0,1.3879,224,224,0
7729,07729_White_Crowned_Sparrow_0061_126315.jpg,132.White_crowned_Sparrow/White_Crowned_Sparrow_0061_126315.jpg,132,132.White_crowned_Sparrow,1,423,500,122.0,78.0,241.0,353.0,0.6827,224,224,1
7743,07743_White_Crowned_Sparrow_0037_126969.jpg,132.White_crowned_Sparrow/White_Crowned_Sparrow_0037_126969.jpg,132,132.White_crowned_Sparrow,0,500,375,5.0,84.0,359.0,251.0,1.4303,224,224,0
7751,07751_White_Throated_Sparrow_0034_129054.jpg,133.White_throated_Sparrow/White_Throated_Sparrow_0034_129054.jpg,133,133.White_throated_Sparrow,1,500,334,209.0,114.0,147.0,100.0,1.47,224,224,1
7770,07770_White_Throated_Sparrow_0124_128801.jpg,133.White_throated_Sparrow/White_Throated_Sparrow_0124_128801.jpg,133,133.White_throated_Sparrow,1,500,332,65.0,146.0,212.0,135.0,1.5704,224,224,0
7778,07778_White_Throated_Sparrow_0135_128819.jpg,133.White_throated_Sparrow/White_Throated_Sparrow_0135_128819.jpg,133,133.White_throated_Sparrow,0,500,335,66.0,55.0,206.0,209.0,0.9856,224,224,0
7780,07780_White_Throated_Sparrow_0125_128832.jpg,133.White_throated_Sparrow/White_Throated_Sparrow_0125_128832.jpg,133,133.White_throated_Sparrow,1,500,333,14.0,25.0,451.0,291.0,1.5498,224,224,0
7788,07788_White_Throated_Sparrow_0042_128899.jpg,133.White_throated_Sparrow/White_Throated_Sparrow_0042_128899.jpg,133,133.White_throated_Sparrow,1,500,366,114.0,74.0,370.0,275.0,1.3455,224,224,1
7792,07792_White_Throated_Sparrow_0071_128915.jpg,133.White_throated_Sparrow/White_Throated_Sparrow_0071_128915.jpg,133,133.White_throated_Sparrow,1,500,375,38.0,4.0,307.0,222.0,1.3829,224,224,0
7831,07831_Cape_Glossy_Starling_0076_129377.jpg,134.Cape_Glossy_Starling/Cape_Glossy_Starling_0076_129377.jpg,134,134.Cape_Glossy_Starling,1,500,383,45.0,58.0,231.0,139.0,1.6619,224,224,0
7842,07842_Cape_Glossy_Starling_0022_129414.jpg,134.Cape_Glossy_Starling/Cape_Glossy_Starling_0022_129414.jpg,134,134.Cape_Glossy_Starling,0,500,375,155.0,74.0,219.0,188.0,1.1649,224,224,1
8139,08139_Scarlet_Tanager_0009_138076.jpg,139.Scarlet_Tanager/Scarlet_Tanager_0009_138076.jpg,139,139.Scarlet_Tanager,0,500,334,137.0,76.0,202.0,163.0,1.2393,224,224,0
8391,08391_Caspian_Tern_0075_147650.jpg,143.Caspian_Tern/Caspian_Tern_0075_147650.jpg,143,143.Caspian_Tern,1,500,340,81.0,98.0,203.0,127.0,1.5984,224,224,0
8492,08492_Elegant_Tern_0067_151185.jpg,145.Elegant_Tern/Elegant_Tern_0067_151185.jpg,145,145.Elegant_Tern,0,500,333,161.0,98.0,175.0,132.0,1.3258,224,224,0
8528,08528_Forsters_Tern_0057_151570.jpg,146.Forsters_Tern/Forsters_Tern_0057_151570.jpg,146,146.Forsters_Tern,0,500,401,184.0,125.0,312.0,229.0,1.3624,224,224,1
8637,08637_Least_Tern_0122_153012.jpg,147.Least_Tern/Least_Tern_0122_153012.jpg,147,147.Least_Tern,1,500,371,74.0,80.0,318.0,203.0,1.5665,224,224,0
8652,08652_Green_Tailed_Towhee_0101_154907.jpg,148.Green_tailed_Towhee/Green_Tailed_Towhee_0101_154907.jpg,148,148.Green_tailed_Towhee,0,500,333,17.0,49.0,368.0,279.0,1.319,224,224,0
8662,08662_Green_Tailed_Towhee_0024_154855.jpg,148.Green_tailed_Towhee/Green_Tailed_Towhee_0024_154855.jpg,148,148.Green_tailed_Towhee,1,500,375,85.0,48.0,380.0,303.0,1.2541,224,224,1
8664,08664_Green_Tailed_Towhee_0079_154764.jpg,148.Green_tailed_Towhee/Green_Tailed_Towhee_0079_154764.jpg,148,148.Green_tailed_Towhee,0,500,402,90.0,127.0,292.0,174.0,1.6782,224,224,0
8669,08669_Green_Tailed_Towhee_0005_154784.jpg,148.Green_tailed_Towhee/Green_Tailed_Towhee_0005_154784.jpg,148,148.Green_tailed_Towhee,0,500,397,36.0,131.0,290.0,210.0,1.381,224,224,0
8676,08676_Green_Tailed_Towhee_0027_154823.jpg,148.Green_tailed_Towhee/Green_Tailed_Towhee_0027_154823.jpg,148,148.Green_tailed_Towhee,1,500,397,170.0,125.0,232.0,173.0,1.341,224,224,1
8677,08677_Green_Tailed_Towhee_0018_154825.jpg,148.Green_tailed_Towhee/Green_Tailed_Towhee_0018_154825.jpg,148,148.Green_tailed_Towhee,1,500,341,144.0,127.0,177.0,142.0,1.2465,224,224,1
8696,08696_Green_Tailed_Towhee_0067_797426.jpg,148.Green_tailed_Towhee/Green_Tailed_Towhee_0067_797426.jpg,148,148.Green_tailed_Towhee,0,500,359,124.0,97.0,330.0,203.0,1.6256,224,224,1
8703,08703_Green_Tailed_Towhee_0066_797439.jpg,148.Green_tailed_Towhee/Green_Tailed_Towhee_0066_797439.jpg,148,148.Green_tailed_Towhee,1,500,328,46.0,27.0,311.0,206.0,1.5097,224,224,0
8831,08831_Black_Capped_Vireo_0005_797453.jpg,151.Black_capped_Vireo/Black_Capped_Vireo_0005_797453.jpg,151,151.Black_capped_Vireo,1,500,356,117.0,40.0,329.0,275.0,1.1964,224,224,1
8834,08834_Black_Capped_Vireo_0051_797456.jpg,151.Black_capped_Vireo/Black_Capped_Vireo_0051_797456.jpg,151,151.Black_capped_Vireo,0,248,244,14.0,4.0,211.0,159.0,1.327,224,224,0
8865,08865_Black_Capped_Vireo_0037_797495.jpg,151.Black_capped_Vireo/Black_Capped_Vireo_0037_797495.jpg,151,151.Black_capped_Vireo,0,500,350,147.0,73.0,302.0,196.0,1.5408,224,224,1
8911,08911_Blue_Headed_Vireo_0095_156092.jpg,152.Blue_headed_Vireo/Blue_Headed_Vireo_0095_156092.jpg,152,152.Blue_headed_Vireo,1,500,391,251.0,127.0,160.0,193.0,0.829,224,224,1
8928,08928_Blue_Headed_Vireo_0062_156109.jpg,152.Blue_headed_Vireo/Blue_Headed_Vireo_0062_156109.jpg,152,152.Blue_headed_Vireo,1,500,386,174.0,142.0,192.0,125.0,1.536,224,224,1
8945,08945_Philadelphia_Vireo_0050_156538.jpg,153.Philadelphia_Vireo/Philadelphia_Vireo_0050_156538.jpg,153,153.Philadelphia_Vireo,0,500,399,107.0,95.0,292.0,208.0,1.4038,224,224,1
8966,08966_Philadelphia_Vireo_0015_794778.jpg,153.Philadelphia_Vireo/Philadelphia_Vireo_0015_794778.jpg,153,153.Philadelphia_Vireo,1,500,333,198.0,101.0,242.0,184.0,1.3152,224,224,1
8971,08971_Philadelphia_Vireo_0084_794790.jpg,153.Philadelphia_Vireo/Philadelphia_Vireo_0084_794790.jpg,153,153.Philadelphia_Vireo,0,340,240,50.0,23.0,256.0,175.0,1.4629,224,224,1
9019,09019_Red_Eyed_Vireo_0073_156944.jpg,154.Red_eyed_Vireo/Red_Eyed_Vireo_0073_156944.jpg,154,154.Red_eyed_Vireo,1,500,357,71.0,39.0,377.0,267.0,1.412,224,224,1
9020,09020_Red_Eyed_Vireo_0041_156954.jpg,154.Red_eyed_Vireo/Red_Eyed_Vireo_0041_156954.jpg,154,154.Red_eyed_Vireo,1,500,336,57.0,81.0,352.0,217.0,1.6221,224,224,0
9037,09037_Red_Eyed_Vireo_0086_157038.jpg,154.Red_eyed_Vireo/Red_Eyed_Vireo_0086_157038.jpg,154,154.Red_eyed_Vireo,1,500,401,172.0,134.0,207.0,193.0,1.0725,224,224,1
9053,09053_Warbling_Vireo_0009_158721.jpg,155.Warbling_Vireo/Warbling_Vireo_0009_158721.jpg,155,155.Warbling_Vireo,0,500,376,142.0,105.0,286.0,211.0,1.3555,224,224,1
9067,09067_Warbling_Vireo_0073_158315.jpg,155.Warbling_Vireo/Warbling_Vireo_0073_158315.jpg,155,155.Warbling_Vireo,1,500,375,139.0,81.0,256.0,239.0,1.0711,224,224,1
9069,09069_Warbling_Vireo_0054_158321.jpg,155.Warbling_Vireo/Warbling_Vireo_0054_158321.jpg,155,155.Warbling_Vireo,0,500,333,90.0,34.0,211.0,261.0,0.8084,224,224,0
9072,09072_Warbling_Vireo_0099_158744.jpg,155.Warbling_Vireo/Warbling_Vireo_0099_158744.jpg,155,155.Warbling_Vireo,0,500,333,52.0,108.0,237.0,148.0,1.6014,224,224,0
9086,09086_Warbling_Vireo_0107_158453.jpg,155.Warbling_Vireo/Warbling_Vireo_0107_158453.jpg,155,155.Warbling_Vireo,1,426,500,46.0,78.0,287.0,202.0,1.4208,224,224,0
9124,09124_White_Eyed_Vireo_0132_158908.jpg,156.White_eyed_Vireo/White_Eyed_Vireo_0132_158908.jpg,156,156.White_eyed_Vireo,0,500,489,81.0,209.0,204.0,132.0,1.5455,224,224,1
9133,09133_White_Eyed_Vireo_0134_158889.jpg,156.White_eyed_Vireo/White_Eyed_Vireo_0134_158889.jpg,156,156.White_eyed_Vireo,0,401,500,171.0,224.0,129.0,202.0,0.6386,224,224,0
9135,09135_White_Eyed_Vireo_0115_158932.jpg,156.White_eyed_Vireo/White_Eyed_Vireo_0115_158932.jpg,156,156.White_eyed_Vireo,0,500,400,118.0,81.0,310.0,197.0,1.5736,224,224,1
9153,09153_White_Eyed_Vireo_0091_159045.jpg,156.White_eyed_Vireo/White_Eyed_Vireo_0091_159045.jpg,156,156.White_eyed_Vireo,0,500,357,80.0,100.0,320.0,191.0,1.6754,224,224,1
9158,09158_White_Eyed_Vireo_0015_159081.jpg,156.White_eyed_Vireo/White_Eyed_Vireo_0015_159081.jpg,156,156.White_eyed_Vireo,1,500,324,95.0,61.0,308.0,188.0,1.6383,224,224,0
9160,09160_White_Eyed_Vireo_0080_159087.jpg,156.White_eyed_Vireo/White_Eyed_Vireo_0080_159087.jpg,156,156.White_eyed_Vireo,1,500,355,86.0,47.0,404.0,292.0,1.3836,224,224,1
9174,09174_Yellow_Throated_Vireo_0022_795012.jpg,157.Yellow_throated_Vireo/Yellow_Throated_Vireo_0022_795012.jpg,157,157.Yellow_throated_Vireo,0,500,400,145.0,135.0,254.0,211.0,1.2038,224,224,1
9187,09187_Yellow_Throated_Vireo_0021_794971.jpg,157.Yellow_throated_Vireo/Yellow_Throated_Vireo_0021_794971.jpg,157,157.Yellow_throated_Vireo,0,500,386,8.0,73.0,413.0,277.0,1.491,224,224,0
9193,09193_Yellow_Throated_Vireo_0012_794977.jpg,157.Yellow_throated_Vireo/Yellow_Throated_Vireo_0012_794977.jpg,157,157.Yellow_throated_Vireo,1,300,325,14.0,89.0,240.0,153.0,1.5686,224,224,0
9203,09203_Yellow_Throated_Vireo_0035_794991.jpg,157.Yellow_throated_Vireo/Yellow_Throated_Vireo_0035_794991.jpg,157,157.Yellow_throated_Vireo,1,500,370,127.0,63.0,344.0,207.0,1.6618,224,224,1
9209,09209_Yellow_Throated_Vireo_0075_795004.jpg,157.Yellow_throated_Vireo/Yellow_Throated_Vireo_0075_795004.jpg,157,157.Yellow_throated_Vireo,1,500,385,67.0,108.0,266.0,187.0,1.4225,224,224,0
9216,09216_Yellow_Throated_Vireo_0043_159628.jpg,157.Yellow_throated_Vireo/Yellow_Throated_Vireo_0043_159628.jpg,157,157.Yellow_throated_Vireo,0,500,372,63.0,108.0,342.0,218.0,1.5688,224,224,0
9225,09225_Yellow_Throated_Vireo_0063_159677.jpg,157.Yellow_throated_Vireo/Yellow_Throated_Vireo_0063_159677.jpg,157,157.Yellow_throated_Vireo,1,500,375,38.0,72.0,264.0,163.0,1.6196,224,224,0
9226,09226_Yellow_Throated_Vireo_0026_159686.jpg,157.Yellow_throated_Vireo/Yellow_Throated_Vireo_0026_159686.jpg,157,157.Yellow_throated_Vireo,1,500,352,150.0,100.0,258.0,182.0,1.4176,224,224,1
9232,09232_Bay_Breasted_Warbler_0026_159744.jpg,158.Bay_breasted_Warbler/Bay_Breasted_Warbler_0026_159744.jpg,158,158.Bay_breasted_Warbler,1,500,333,159.0,93.0,331.0,206.0,1.6068,224,224,1
9239,09239_Bay_Breasted_Warbler_0032_797150.jpg,158.Bay_breasted_Warbler/Bay_Breasted_Warbler_0032_797150.jpg,158,158.Bay_breasted_Warbler,0,500,333,48.0,98.0,265.0,198.0,1.3384,224,224,0
9243,09243_Bay_Breasted_Warbler_0034_159861.jpg,158.Bay_breasted_Warbler/Bay_Breasted_Warbler_0034_159861.jpg,158,158.Bay_breasted_Warbler,0,500,357,229.0,113.0,247.0,180.0,1.3722,224,224,1
9286,09286_Bay_Breasted_Warbler_0011_159736.jpg,158.Bay_breasted_Warbler/Bay_Breasted_Warbler_0011_159736.jpg,158,158.Bay_breasted_Warbler,1,500,346,65.0,92.0,353.0,213.0,1.6573,224,224,0
9297,09297_Black_And_White_Warbler_0135_160334.jpg,159.Black_and_white_Warbler/Black_And_White_Warbler_0135_160334.jpg,159,159.Black_and_white_Warbler,0,500,392,167.0,173.0,300.0,205.0,1.4634,224,224,1
9335,09335_Black_And_White_Warbler_0065_160111.jpg,159.Black_and_white_Warbler/Black_And_White_Warbler_0065_160111.jpg,159,159.Black_and_white_Warbler,1,500,351,98.0,62.0,328.0,210.0,1.5619,224,224,1
9339,09339_Black_And_White_Warbler_0088_160668.jpg,159.Black_and_white_Warbler/Black_And_White_Warbler_0088_160668.jpg,159,159.Black_and_white_Warbler,0,500,333,209.0,146.0,159.0,114.0,1.3947,224,224,1
9342,09342_Black_And_White_Warbler_0021_160686.jpg,159.Black_and_white_Warbler/Black_And_White_Warbler_0021_160686.jpg,159,159.Black_and_white_Warbler,1,500,359,138.0,79.0,262.0,213.0,1.23,224,224,1
9366,09366_Black_Throated_Blue_Warbler_0022_161520.jpg,160.Black_throated_Blue_Warbler/Black_Throated_Blue_Warbler_0022_161520.jpg,160,160.Black_throated_Blue_Warbler,0,474,346,45.0,58.0,380.0,236.0,1.6102,224,224,1
9387,09387_Black_Throated_Blue_Warbler_0061_161667.jpg,160.Black_throated_Blue_Warbler/Black_Throated_Blue_Warbler_0061_161667.jpg,160,160.Black_throated_Blue_Warbler,1,500,349,12.0,76.0,406.0,245.0,1.6571,224,224,0
9401,09401_Black_Throated_Blue_Warbler_0128_161708.jpg,160.Black_throated_Blue_Warbler/Black_Throated_Blue_Warbler_0128_161708.jpg,160,160.Black_throated_Blue_Warbler,0,420,280,18.0,31.0,301.0,233.0,1.2918,224,224,0
9413,09413_Blue_Winged_Warbler_0041_161802.jpg,161.Blue_winged_Warbler/Blue_Winged_Warbler_0041_161802.jpg,161,161.Blue_winged_Warbler,0,500,333,213.0,100.0,179.0,141.0,1.2695,224,224,1
9416,09416_Blue_Winged_Warbler_0063_161810.jpg,161.Blue_winged_Warbler/Blue_Winged_Warbler_0063_161810.jpg,161,161.Blue_winged_Warbler,0,500,383,160.0,150.0,310.0,218.0,1.422,224,224,1
9434,09434_Blue_Winged_Warbler_0020_161875.jpg,161.Blue_winged_Warbler/Blue_Winged_Warbler_0020_161875.jpg,161,161.Blue_winged_Warbler,1,500,334,186.0,54.0,250.0,160.0,1.5625,224,224,1
9438,09438_Blue_Winged_Warbler_0040_161883.jpg,161.Blue_winged_Warbler/Blue_Winged_Warbler_0040_161883.jpg,161,161.Blue_winged_Warbler,1,500,400,166.0,120.0,186.0,144.0,1.2917,224,224,1
9511,09511_Canada_Warbler_0019_162409.jpg,162.Canada_Warbler/Canada_Warbler_0019_162409.jpg,162,162.Canada_Warbler,1,500,330,67.0,84.0,234.0,158.0,1.481,224,224,0
9531,09531_Cape_May_Warbler_0001_139008.jpg,163.Cape_May_Warbler/Cape_May_Warbler_0001_139008.jpg,163,163.Cape_May_Warbler,1,500,357,41.0,62.0,366.0,235.0,1.5574,224,224,0
9550,09550_Cape_May_Warbler_0007_163087.jpg,163.Cape_May_Warbler/Cape_May_Warbler_0007_163087.jpg,163,163.Cape_May_Warbler,0,500,375,120.0,159.0,187.0,110.0,1.7,224,224,0
9558,09558_Cape_May_Warbler_0003_162920.jpg,163.Cape_May_Warbler/Cape_May_Warbler_0003_162920.jpg,163,163.Cape_May_Warbler,0,500,441,43.0,64.0,429.0,326.0,1.316,224,224,1
9589,09589_Cape_May_Warbler_0061_163061.jpg,163.Cape_May_Warbler/Cape_May_Warbler_0061_163061.jpg,163,163.Cape_May_Warbler,1,500,319,36.0,93.0,250.0,196.0,1.2755,224,224,0
9601,09601_Cerulean_Warbler_0094_797200.jpg,164.Cerulean_Warbler/Cerulean_Warbler_0094_797200.jpg,164,164.Cerulean_Warbler,1,500,500,48.0,92.0,416.0,311.0,1.3376,224,224,1
9619,09619_Cerulean_Warbler_0054_797235.jpg,164.Cerulean_Warbler/Cerulean_Warbler_0054_797235.jpg,164,164.Cerulean_Warbler,0,250,185,20.0,15.0,218.0,140.0,1.5571,224,224,1
9620,09620_Cerulean_Warbler_0083_163380.jpg,164.Cerulean_Warbler/Cerulean_Warbler_0083_163380.jpg,164,164.Cerulean_Warbler,1,500,326,165.0,13.0,320.0,295.0,1.0847,224,224,1
9626,09626_Cerulean_Warbler_0039_163420.jpg,164.Cerulean_Warbler/Cerulean_Warbler_0039_163420.jpg,164,164.Cerulean_Warbler,1,500,331,171.0,112.0,238.0,172.0,1.3837,224,224,1
9655,09655_Chestnut_Sided_Warbler_0030_163847.jpg,165.Chestnut_sided_Warbler/Chestnut_Sided_Warbler_0030_163847.jpg,165,165.Chestnut_sided_Warbler,0,500,500,57.0,105.0,341.0,332.0,1.0271,224,224,0
9656,09656_Chestnut_Sided_Warbler_0124_164109.jpg,165.Chestnut_sided_Warbler/Chestnut_Sided_Warbler_0124_164109.jpg,165,165.Chestnut_sided_Warbler,1,500,385,120.0,179.0,196.0,140.0,1.4,224,224,0
9657,09657_Chestnut_Sided_Warbler_0081_163854.jpg,165.Chestnut_sided_Warbler/Chestnut_Sided_Warbler_0081_163854.jpg,165,165.Chestnut_sided_Warbler,1,500,393,73.0,121.0,241.0,187.0,1.2888,224,224,0
9658,09658_Chestnut_Sided_Warbler_0046_163856.jpg,165.Chestnut_sided_Warbler/Chestnut_Sided_Warbler_0046_163856.jpg,165,165.Chestnut_sided_Warbler,0,500,500,74.0,149.0,271.0,167.0,1.6228,224,224,0
9663,09663_Chestnut_Sided_Warbler_0033_163607.jpg,165.Chestnut_sided_Warbler/Chestnut_Sided_Warbler_0033_163607.jpg,165,165.Chestnut_sided_Warbler,0,500,307,111.0,128.0,139.0,118.0,1.178,224,224,0
9667,09667_Chestnut_Sided_Warbler_0084_163872.jpg,165.Chestnut_sided_Warbler/Chestnut_Sided_Warbler_0084_163872.jpg,165,165.Chestnut_sided_Warbler,0,500,500,79.0,180.0,358.0,243.0,1.4733,224,224,0
9679,09679_Chestnut_Sided_Warbler_0101_164324.jpg,165.Chestnut_sided_Warbler/Chestnut_Sided_Warbler_0101_164324.jpg,165,165.Chestnut_sided_Warbler,1,449,500,32.0,106.0,346.0,311.0,1.1125,224,224,0
9693,09693_Chestnut_Sided_Warbler_0013_163749.jpg,165.Chestnut_sided_Warbler/Chestnut_Sided_Warbler_0013_163749.jpg,165,165.Chestnut_sided_Warbler,1,500,400,17.0,82.0,329.0,212.0,1.5519,224,224,0
9696,09696_Chestnut_Sided_Warbler_0004_164279.jpg,165.Chestnut_sided_Warbler/Chestnut_Sided_Warbler_0004_164279.jpg,165,165.Chestnut_sided_Warbler,0,500,333,100.0,69.0,361.0,217.0,1.6636,224,224,1
9709,09709_Chestnut_Sided_Warbler_0066_164078.jpg,165.Chestnut_sided_Warbler/Chestnut_Sided_Warbler_0066_164078.jpg,165,165.Chestnut_sided_Warbler,1,500,397,181.0,118.0,116.0,108.0,1.0741,224,224,0
9731,09731_Golden_Winged_Warbler_0061_164516.jpg,166.Golden_winged_Warbler/Golden_Winged_Warbler_0061_164516.jpg,166,166.Golden_winged_Warbler,1,500,420,93.0,86.0,332.0,276.0,1.2029,224,224,1
9733,09733_Golden_Winged_Warbler_0052_164529.jpg,166.Golden_winged_Warbler/Golden_Winged_Warbler_0052_164529.jpg,166,166.Golden_winged_Warbler,0,500,305,202.0,102.0,208.0,137.0,1.5182,224,224,1
9740,09740_Golden_Winged_Warbler_0011_794812.jpg,166.Golden_winged_Warbler/Golden_Winged_Warbler_0011_794812.jpg,166,166.Golden_winged_Warbler,1,225,225,22.0,42.0,173.0,124.0,1.3952,224,224,1
9751,09751_Golden_Winged_Warbler_0018_164558.jpg,166.Golden_winged_Warbler/Golden_Winged_Warbler_0018_164558.jpg,166,166.Golden_winged_Warbler,1,500,500,164.0,136.0,289.0,198.0,1.4596,224,224,1
9755,09755_Golden_Winged_Warbler_0037_794839.jpg,166.Golden_winged_Warbler/Golden_Winged_Warbler_0037_794839.jpg,166,166.Golden_winged_Warbler,0,500,380,171.0,167.0,187.0,121.0,1.5455,224,224,1
9759,09759_Golden_Winged_Warbler_0086_794844.jpg,166.Golden_winged_Warbler/Golden_Winged_Warbler_0086_794844.jpg,166,166.Golden_winged_Warbler,0,320,222,31.0,69.0,161.0,110.0,1.4636,224,224,0
9778,09778_Hooded_Warbler_0017_164911.jpg,167.Hooded_Warbler/Hooded_Warbler_0017_164911.jpg,167,167.Hooded_Warbler,0,500,333,163.0,121.0,169.0,122.0,1.3852,224,224,1
9781,09781_Hooded_Warbler_0124_164923.jpg,167.Hooded_Warbler/Hooded_Warbler_0124_164923.jpg,167,167.Hooded_Warbler,1,500,375,79.0,128.0,309.0,204.0,1.5147,224,224,0
9784,09784_Hooded_Warbler_0070_164930.jpg,167.Hooded_Warbler/Hooded_Warbler_0070_164930.jpg,167,167.Hooded_Warbler,1,500,375,208.0,97.0,229.0,140.0,1.6357,224,224,1
9785,09785_Hooded_Warbler_0128_164620.jpg,167.Hooded_Warbler/Hooded_Warbler_0128_164620.jpg,167,167.Hooded_Warbler,0,500,500,90.0,133.0,349.0,272.0,1.2831,224,224,1
9786,09786_Hooded_Warbler_0084_164944.jpg,167.Hooded_Warbler/Hooded_Warbler_0084_164944.jpg,167,167.Hooded_Warbler,1,500,384,183.0,133.0,249.0,192.0,1.2969,224,224,0
9787,09787_Hooded_Warbler_0072_22097.jpg,167.Hooded_Warbler/Hooded_Warbler_0072_22097.jpg,167,167.Hooded_Warbler,0,500,333,165.0,137.0,218.0,136.0,1.6029,224,224,1
9811,09811_Hooded_Warbler_0058_164674.jpg,167.Hooded_Warbler/Hooded_Warbler_0058_164674.jpg,167,167.Hooded_Warbler,1,500,375,216.0,145.0,238.0,194.0,1.2268,224,224,1
9815,09815_Hooded_Warbler_0134_164708.jpg,167.Hooded_Warbler/Hooded_Warbler_0134_164708.jpg,167,167.Hooded_Warbler,1,500,330,110.0,65.0,336.0,203.0,1.6552,224,224,1
9823,09823_Hooded_Warbler_0101_164806.jpg,167.Hooded_Warbler/Hooded_Warbler_0101_164806.jpg,167,167.Hooded_Warbler,0,500,390,92.0,57.0,366.0,320.0,1.1438,224,224,0
9849,09849_Kentucky_Warbler_0023_165247.jpg,168.Kentucky_Warbler/Kentucky_Warbler_0023_165247.jpg,168,168.Kentucky_Warbler,0,500,332,142.0,60.0,203.0,213.0,0.9531,224,224,1
9852,09852_Kentucky_Warbler_0033_165271.jpg,168.Kentucky_Warbler/Kentucky_Warbler_0033_165271.jpg,168,168.Kentucky_Warbler,1,500,359,309.0,177.0,163.0,123.0,1.3252,224,224,1
9860,09860_Kentucky_Warbler_0049_165313.jpg,168.Kentucky_Warbler/Kentucky_Warbler_0049_165313.jpg,168,168.Kentucky_Warbler,0,500,400,133.0,97.0,343.0,231.0,1.4848,224,224,1
9869,09869_Kentucky_Warbler_0071_165342.jpg,168.Kentucky_Warbler/Kentucky_Warbler_0071_165342.jpg,168,168.Kentucky_Warbler,1,400,500,82.0,186.0,212.0,193.0,1.0984,224,224,0
9871,09871_Kentucky_Warbler_0052_795874.jpg,168.Kentucky_Warbler/Kentucky_Warbler_0052_795874.jpg,168,168.Kentucky_Warbler,1,500,333,38.0,32.0,439.0,283.0,1.5512,224,224,1
9873,09873_Kentucky_Warbler_0057_165349.jpg,168.Kentucky_Warbler/Kentucky_Warbler_0057_165349.jpg,168,168.Kentucky_Warbler,0,500,397,32.0,131.0,345.0,207.0,1.6667,224,224,0
9879,09879_Kentucky_Warbler_0030_795885.jpg,168.Kentucky_Warbler/Kentucky_Warbler_0030_795885.jpg,168,168.Kentucky_Warbler,0,500,334,159.0,76.0,278.0,194.0,1.433,224,224,1
9891,09891_Magnolia_Warbler_0047_165900.jpg,169.Magnolia_Warbler/Magnolia_Warbler_0047_165900.jpg,169,169.Magnolia_Warbler,0,500,333,102.0,93.0,390.0,238.0,1.6387,224,224,1
9900,09900_Magnolia_Warbler_0120_165462.jpg,169.Magnolia_Warbler/Magnolia_Warbler_0120_165462.jpg,169,169.Magnolia_Warbler,0,500,361,30.0,65.0,204.0,240.0,0.85,224,224,0
9907,09907_Magnolia_Warbler_0039_165532.jpg,169.Magnolia_Warbler/Magnolia_Warbler_0039_165532.jpg,169,169.Magnolia_Warbler,0,500,333,60.0,85.0,243.0,195.0,1.2462,224,224,0
9913,09913_Magnolia_Warbler_0034_166097.jpg,169.Magnolia_Warbler/Magnolia_Warbler_0034_166097.jpg,169,169.Magnolia_Warbler,0,500,332,82.0,59.0,283.0,249.0,1.1365,224,224,0
9923,09923_Magnolia_Warbler_0077_165674.jpg,169.Magnolia_Warbler/Magnolia_Warbler_0077_165674.jpg,169,169.Magnolia_Warbler,1,500,333,104.0,136.0,198.0,167.0,1.1856,224,224,0
9929,09929_Magnolia_Warbler_0041_165709.jpg,169.Magnolia_Warbler/Magnolia_Warbler_0041_165709.jpg,169,169.Magnolia_Warbler,1,500,333,123.0,94.0,282.0,181.0,1.558,224,224,1
9945,09945_Magnolia_Warbler_0136_166388.jpg,169.Magnolia_Warbler/Magnolia_Warbler_0136_166388.jpg,169,169.Magnolia_Warbler,0,500,347,118.0,121.0,210.0,161.0,1.3043,224,224,0
9947,09947_Magnolia_Warbler_0102_165884.jpg,169.Magnolia_Warbler/Magnolia_Warbler_0102_165884.jpg,169,169.Magnolia_Warbler,1,333,500,48.0,68.0,238.0,245.0,0.9714,224,224,0
9970,09970_Mourning_Warbler_0026_166538.jpg,170.Mourning_Warbler/Mourning_Warbler_0026_166538.jpg,170,170.Mourning_Warbler,1,500,358,146.0,100.0,222.0,211.0,1.0521,224,224,1
9981,09981_Mourning_Warbler_0048_166596.jpg,170.Mourning_Warbler/Mourning_Warbler_0048_166596.jpg,170,170.Mourning_Warbler,0,500,281,166.0,20.0,316.0,222.0,1.4234,224,224,1
9991,09991_Mourning_Warbler_0041_795358.jpg,170.Mourning_Warbler/Mourning_Warbler_0041_795358.jpg,170,170.Mourning_Warbler,0,320,254,131.0,89.0,153.0,108.0,1.4167,224,224,1
10003,10003_Mourning_Warbler_0011_795380.jpg,170.Mourning_Warbler/Mourning_Warbler_0011_795380.jpg,170,170.Mourning_Warbler,1,500,350,36.0,108.0,313.0,191.0,1.6387,224,224,0
10031,10031_Myrtle_Warbler_0016_166736.jpg,171.Myrtle_Warbler/Myrtle_Warbler_0016_166736.jpg,171,171.Myrtle_Warbler,0,500,335,233.0,45.0,228.0,247.0,0.9231,224,224,1
10032,10032_Myrtle_Warbler_0083_166738.jpg,171.Myrtle_Warbler/Myrtle_Warbler_0083_166738.jpg,171,171.Myrtle_Warbler,0,500,399,131.0,83.0,348.0,225.0,1.5467,224,224,1
10035,10035_Myrtle_Warbler_0097_167001.jpg,171.Myrtle_Warbler/Myrtle_Warbler_0097_167001.jpg,171,171.Myrtle_Warbler,0,500,333,187.0,117.0,203.0,189.0,1.0741,224,224,1
10071,10071_Nashville_Warbler_0040_167454.jpg,172.Nashville_Warbler/Nashville_Warbler_0040_167454.jpg,172,172.Nashville_Warbler,1,500,333,193.0,120.0,190.0,135.0,1.4074,224,224,1
10075,10075_Nashville_Warbler_0128_166444.jpg,172.Nashville_Warbler/Nashville_Warbler_0128_166444.jpg,172,172.Nashville_Warbler,1,500,367,149.0,126.0,299.0,184.0,1.625,224,224,1
10108,10108_Nashville_Warbler_0110_167268.jpg,172.Nashville_Warbler/Nashville_Warbler_0110_167268.jpg,172,172.Nashville_Warbler,1,500,355,31.0,76.0,429.0,275.0,1.56,224,224,0
10112,10112_Nashville_Warbler_0124_167285.jpg,172.Nashville_Warbler/Nashville_Warbler_0124_167285.jpg,172,172.Nashville_Warbler,0,500,357,46.0,67.0,359.0,245.0,1.4653,224,224,0
10114,10114_Nashville_Warbler_0028_167065.jpg,172.Nashville_Warbler/Nashville_Warbler_0028_167065.jpg,172,172.Nashville_Warbler,1,500,346,188.0,165.0,187.0,117.0,1.5983,224,224,0
10116,10116_Nashville_Warbler_0013_167326.jpg,172.Nashville_Warbler/Nashville_Warbler_0013_167326.jpg,172,172.Nashville_Warbler,0,500,334,108.0,79.0,236.0,219.0,1.0776,224,224,0
10137,10137_Orange_Crowned_Warbler_0117_167987.jpg,173.Orange_crowned_Warbler/Orange_Crowned_Warbler_0117_167987.jpg,173,173.Orange_crowned_Warbler,0,500,357,14.0,104.0,377.0,235.0,1.6043,224,224,0
10139,10139_Orange_Crowned_Warbler_0006_167998.jpg,173.Orange_crowned_Warbler/Orange_Crowned_Warbler_0006_167998.jpg,173,173.Orange_crowned_Warbler,0,500,375,104.0,128.0,268.0,197.0,1.3604,224,224,0
10145,10145_Orange_Crowned_Warbler_0040_168029.jpg,173.Orange_crowned_Warbler/Orange_Crowned_Warbler_0040_168029.jpg,173,173.Orange_crowned_Warbler,0,500,375,185.0,118.0,193.0,119.0,1.6218,224,224,1
10155,10155_Orange_Crowned_Warbler_0068_167585.jpg,173.Orange_crowned_Warbler/Orange_Crowned_Warbler_0068_167585.jpg,173,173.Orange_crowned_Warbler,1,500,375,197.0,99.0,247.0,188.0,1.3138,224,224,1
10164,10164_Orange_Crowned_Warbler_0019_167626.jpg,173.Orange_crowned_Warbler/Orange_Crowned_Warbler_0019_167626.jpg,173,173.Orange_crowned_Warbler,0,500,396,60.0,57.0,347.0,208.0,1.6683,224,224,0
10169,10169_Orange_Crowned_Warbler_0119_167658.jpg,173.Orange_crowned_Warbler/Orange_Crowned_Warbler_0119_167658.jpg,173,173.Orange_crowned_Warbler,1,500,368,36.0,174.0,230.0,171.0,1.345,224,224,0
10172,10172_Orange_Crowned_Warbler_0102_168189.jpg,173.Orange_crowned_Warbler/Orange_Crowned_Warbler_0102_168189.jpg,173,173.Orange_crowned_Warbler,0,500,351,83.0,148.0,183.0,113.0,1.6195,224,224,0
10174,10174_Orange_Crowned_Warbler_0009_168228.jpg,173.Orange_crowned_Warbler/Orange_Crowned_Warbler_0009_168228.jpg,173,173.Orange_crowned_Warbler,0,500,389,79.0,46.0,353.0,313.0,1.1278,224,224,1
10175,10175_Orange_Crowned_Warbler_0114_167732.jpg,173.Orange_crowned_Warbler/Orange_Crowned_Warbler_0114_167732.jpg,173,173.Orange_crowned_Warbler,0,500,363,42.0,68.0,375.0,263.0,1.4259,224,224,0
10178,10178_Orange_Crowned_Warbler_0005_168314.jpg,173.Orange_crowned_Warbler/Orange_Crowned_Warbler_0005_168314.jpg,173,173.Orange_crowned_Warbler,0,330,403,9.0,184.0,310.0,183.0,1.694,224,224,0
10184,10184_Orange_Crowned_Warbler_0057_168424.jpg,173.Orange_crowned_Warbler/Orange_Crowned_Warbler_0057_168424.jpg,173,173.Orange_crowned_Warbler,1,412,500,107.0,84.0,278.0,180.0,1.5444,224,224,1
10191,10191_Palm_Warbler_0089_168968.jpg,174.Palm_Warbler/Palm_Warbler_0089_168968.jpg,174,174.Palm_Warbler,1,500,330,174.0,82.0,160.0,170.0,0.9412,224,224,1
10193,10193_Palm_Warbler_0110_169490.jpg,174.Palm_Warbler/Palm_Warbler_0110_169490.jpg,174,174.Palm_Warbler,0,500,373,95.0,94.0,234.0,206.0,1.1359,224,224,0
10195,10195_Palm_Warbler_0002_169527.jpg,174.Palm_Warbler/Palm_Warbler_0002_169527.jpg,174,174.Palm_Warbler,0,500,417,41.0,74.0,458.0,342.0,1.3392,224,224,1
10200,10200_Palm_Warbler_0118_170081.jpg,174.Palm_Warbler/Palm_Warbler_0118_170081.jpg,174,174.Palm_Warbler,1,500,333,94.0,106.0,254.0,197.0,1.2893,224,224,0
10202,10202_Palm_Warbler_0133_169575.jpg,174.Palm_Warbler/Palm_Warbler_0133_169575.jpg,174,174.Palm_Warbler,1,500,388,108.0,50.0,291.0,320.0,0.9094,224,224,1
10207,10207_Palm_Warbler_0015_169626.jpg,174.Palm_Warbler/Palm_Warbler_0015_169626.jpg,174,174.Palm_Warbler,1,500,407,220.0,143.0,231.0,227.0,1.0176,224,224,1
10215,10215_Palm_Warbler_0060_168686.jpg,174.Palm_Warbler/Palm_Warbler_0060_168686.jpg,174,174.Palm_Warbler,1,500,379,70.0,64.0,410.0,299.0,1.3712,224,224,1
10218,10218_Palm_Warbler_0100_168725.jpg,174.Palm_Warbler/Palm_Warbler_0100_168725.jpg,174,174.Palm_Warbler,0,500,333,114.0,87.0,271.0,170.0,1.5941,224,224,1
10219,10219_Palm_Warbler_0081_169256.jpg,174.Palm_Warbler/Palm_Warbler_0081_169256.jpg,174,174.Palm_Warbler,0,500,330,120.0,90.0,263.0,181.0,1.453,224,224,1
10226,10226_Palm_Warbler_0116_170319.jpg,174.Palm_Warbler/Palm_Warbler_0116_170319.jpg,174,174.Palm_Warbler,0,500,313,109.0,94.0,254.0,155.0,1.6387,224,224,0
10229,10229_Palm_Warbler_0044_169319.jpg,174.Palm_Warbler/Palm_Warbler_0044_169319.jpg,174,174.Palm_Warbler,0,500,391,94.0,64.0,283.0,200.0,1.415,224,224,1
10246,10246_Palm_Warbler_0010_169452.jpg,174.Palm_Warbler/Palm_Warbler_0010_169452.jpg,174,174.Palm_Warbler,1,500,484,44.0,162.0,305.0,208.0,1.4663,224,224,0
10263,10263_Pine_Warbler_0025_171110.jpg,175.Pine_Warbler/Pine_Warbler_0025_171110.jpg,175,175.Pine_Warbler,1,500,495,13.0,95.0,381.0,360.0,1.0583,224,224,0
10267,10267_Pine_Warbler_0003_171639.jpg,175.Pine_Warbler/Pine_Warbler_0003_171639.jpg,175,175.Pine_Warbler,1,357,500,35.0,72.0,306.0,326.0,0.9387,224,224,1
10273,10273_Pine_Warbler_0118_171152.jpg,175.Pine_Warbler/Pine_Warbler_0118_171152.jpg,175,175.Pine_Warbler,1,333,500,15.0,146.0,246.0,227.0,1.0837,224,224,0
10277,10277_Pine_Warbler_0017_171678.jpg,175.Pine_Warbler/Pine_Warbler_0017_171678.jpg,175,175.Pine_Warbler,1,500,337,65.0,86.0,323.0,226.0,1.4292,224,224,0
10279,10279_Pine_Warbler_0002_171176.jpg,175.Pine_Warbler/Pine_Warbler_0002_171176.jpg,175,175.Pine_Warbler,0,500,348,237.0,148.0,261.0,172.0,1.5174,224,224,1
10283,10283_Pine_Warbler_0127_171742.jpg,175.Pine_Warbler/Pine_Warbler_0127_171742.jpg,175,175.Pine_Warbler,1,500,382,103.0,111.0,333.0,234.0,1.4231,224,224,1
10284,10284_Pine_Warbler_0010_171239.jpg,175.Pine_Warbler/Pine_Warbler_0010_171239.jpg,175,175.Pine_Warbler,1,500,333,57.0,66.0,313.0,232.0,1.3491,224,224,0
10292,10292_Pine_Warbler_0052_171380.jpg,175.Pine_Warbler/Pine_Warbler_0052_171380.jpg,175,175.Pine_Warbler,0,500,364,121.0,84.0,312.0,205.0,1.522,224,224,1
10293,10293_Pine_Warbler_0136_171382.jpg,175.Pine_Warbler/Pine_Warbler_0136_171382.jpg,175,175.Pine_Warbler,0,500,330,87.0,54.0,376.0,228.0,1.6491,224,224,1
10310,10310_Prairie_Warbler_0010_172547.jpg,176.Prairie_Warbler/Prairie_Warbler_0010_172547.jpg,176,176.Prairie_Warbler,0,500,400,137.0,78.0,287.0,284.0,1.0106,224,224,1
10313,10313_Prairie_Warbler_0108_172559.jpg,176.Prairie_Warbler/Prairie_Warbler_0108_172559.jpg,176,176.Prairie_Warbler,0,500,357,140.0,104.0,208.0,178.0,1.1685,224,224,1
10318,10318_Prairie_Warbler_0048_173095.jpg,176.Prairie_Warbler/Prairie_Warbler_0048_173095.jpg,176,176.Prairie_Warbler,0,500,333,195.0,111.0,185.0,163.0,1.135,224,224,1
10323,10323_Prairie_Warbler_0130_172609.jpg,176.Prairie_Warbler/Prairie_Warbler_0130_172609.jpg,176,176.Prairie_Warbler,0,500,332,127.0,3.0,203.0,263.0,0.7719,224,224,0
10343,10343_Prairie_Warbler_0133_173279.jpg,176.Prairie_Warbler/Prairie_Warbler_0133_173279.jpg,176,176.Prairie_Warbler,0,500,375,163.0,79.0,195.0,168.0,1.1607,224,224,1
10347,10347_Prairie_Warbler_0053_173290.jpg,176.Prairie_Warbler/Prairie_Warbler_0053_173290.jpg,176,176.Prairie_Warbler,1,500,357,126.0,71.0,366.0,253.0,1.4466,224,224,1
10353,10353_Prairie_Warbler_0020_173359.jpg,176.Prairie_Warbler/Prairie_Warbler_0020_173359.jpg,176,176.Prairie_Warbler,1,500,333,73.0,43.0,365.0,255.0,1.4314,224,224,1
10358,10358_Prairie_Warbler_0127_172913.jpg,176.Prairie_Warbler/Prairie_Warbler_0127_172913.jpg,176,176.Prairie_Warbler,0,500,344,99.0,49.0,204.0,221.0,0.9231,224,224,0
10361,10361_Prairie_Warbler_0027_172465.jpg,176.Prairie_Warbler/Prairie_Warbler_0027_172465.jpg,176,176.Prairie_Warbler,0,500,388,216.0,111.0,229.0,209.0,1.0957,224,224,1
10365,10365_Prairie_Warbler_0086_172534.jpg,176.Prairie_Warbler/Prairie_Warbler_0086_172534.jpg,176,176.Prairie_Warbler,1,500,333,49.0,43.0,427.0,271.0,1.5756,224,224,1
10374,10374_Prothonotary_Warbler_0117_174622.jpg,177.Prothonotary_Warbler/Prothonotary_Warbler_0117_174622.jpg,177,177.Prothonotary_Warbler,0,500,333,168.0,116.0,105.0,105.0,1.0,224,224,0
10375,10375_Prothonotary_Warbler_0063_173830.jpg,177.Prothonotary_Warbler/Prothonotary_Warbler_0063_173830.jpg,177,177.Prothonotary_Warbler,1,500,375,164.0,92.0,303.0,185.0,1.6378,224,224,1
10387,10387_Prothonotary_Warbler_0018_174196.jpg,177.Prothonotary_Warbler/Prothonotary_Warbler_0018_174196.jpg,177,177.Prothonotary_Warbler,0,500,365,138.0,104.0,180.0,114.0,1.5789,224,224,0
10392,10392_Prothonotary_Warbler_0106_174221.jpg,177.Prothonotary_Warbler/Prothonotary_Warbler_0106_174221.jpg,177,177.Prothonotary_Warbler,0,500,375,181.0,142.0,268.0,171.0,1.5673,224,224,1
10394,10394_Prothonotary_Warbler_0076_174118.jpg,177.Prothonotary_Warbler/Prothonotary_Warbler_0076_174118.jpg,177,177.Prothonotary_Warbler,1,500,333,182.0,64.0,247.0,186.0,1.328,224,224,1
10415,10415_Prothonotary_Warbler_0059_173434.jpg,177.Prothonotary_Warbler/Prothonotary_Warbler_0059_173434.jpg,177,177.Prothonotary_Warbler,0,500,333,165.0,118.0,210.0,140.0,1.5,224,224,1
10446,10446_Swainson_Warbler_0051_794900.jpg,178.Swainson_Warbler/Swainson_Warbler_0051_794900.jpg,178,178.Swainson_Warbler,1,500,385,41.0,70.0,393.0,260.0,1.5115,224,224,0
10459,10459_Swainson_Warbler_0017_174685.jpg,178.Swainson_Warbler/Swainson_Warbler_0017_174685.jpg,178,178.Swainson_Warbler,1,500,335,217.0,114.0,162.0,114.0,1.4211,224,224,1
10464,10464_Swainson_Warbler_0006_794857.jpg,178.Swainson_Warbler/Swainson_Warbler_0006_794857.jpg,178,178.Swainson_Warbler,0,500,333,138.0,56.0,248.0,229.0,1.083,224,224,1
10494,10494_Tennessee_Warbler_0041_174900.jpg,179.Tennessee_Warbler/Tennessee_Warbler_0041_174900.jpg,179,179.Tennessee_Warbler,0,500,401,169.0,123.0,223.0,136.0,1.6397,224,224,1
10496,10496_Tennessee_Warbler_0088_175163.jpg,179.Tennessee_Warbler/Tennessee_Warbler_0088_175163.jpg,179,179.Tennessee_Warbler,0,500,401,172.0,146.0,119.0,131.0,0.9084,224,224,1
10498,10498_Tennessee_Warbler_0045_174913.jpg,179.Tennessee_Warbler/Tennessee_Warbler_0045_174913.jpg,179,179.Tennessee_Warbler,1,500,353,143.0,101.0,233.0,218.0,1.0688,224,224,1
10512,10512_Tennessee_Warbler_0067_174999.jpg,179.Tennessee_Warbler/Tennessee_Warbler_0067_174999.jpg,179,179.Tennessee_Warbler,1,472,500,122.0,127.0,255.0,217.0,1.1751,224,224,1
10515,10515_Tennessee_Warbler_0065_174757.jpg,179.Tennessee_Warbler/Tennessee_Warbler_0065_174757.jpg,179,179.Tennessee_Warbler,0,500,333,128.0,99.0,315.0,188.0,1.6755,224,224,1
10519,10519_Tennessee_Warbler_0075_174763.jpg,179.Tennessee_Warbler/Tennessee_Warbler_0075_174763.jpg,179,179.Tennessee_Warbler,0,500,406,39.0,149.0,355.0,209.0,1.6986,224,224,0
10522,10522_Tennessee_Warbler_0081_174771.jpg,179.Tennessee_Warbler/Tennessee_Warbler_0081_174771.jpg,179,179.Tennessee_Warbler,0,500,332,46.0,88.0,263.0,214.0,1.229,224,224,0
10532,10532_Tennessee_Warbler_0098_174800.jpg,179.Tennessee_Warbler/Tennessee_Warbler_0098_174800.jpg,179,179.Tennessee_Warbler,0,500,375,37.0,59.0,360.0,281.0,1.2811,224,224,0
10536,10536_Tennessee_Warbler_0092_174810.jpg,179.Tennessee_Warbler/Tennessee_Warbler_0092_174810.jpg,179,179.Tennessee_Warbler,0,500,333,202.0,51.0,195.0,216.0,0.9028,224,224,1
10542,10542_Tennessee_Warbler_0015_174847.jpg,179.Tennessee_Warbler/Tennessee_Warbler_0015_174847.jpg,179,179.Tennessee_Warbler,1,500,329,129.0,93.0,233.0,166.0,1.4036,224,224,1
10553,10553_Wilson_Warbler_0069_175181.jpg,180.Wilson_Warbler/Wilson_Warbler_0069_175181.jpg,180,180.Wilson_Warbler,1,500,498,99.0,121.0,366.0,242.0,1.5124,224,224,1
10559,10559_Wilson_Warbler_0059_175249.jpg,180.Wilson_Warbler/Wilson_Warbler_0059_175249.jpg,180,180.Wilson_Warbler,1,500,385,49.0,60.0,376.0,240.0,1.5667,224,224,1
10561,10561_Wilson_Warbler_0129_175256.jpg,180.Wilson_Warbler/Wilson_Warbler_0129_175256.jpg,180,180.Wilson_Warbler,1,500,353,75.0,85.0,226.0,156.0,1.4487,224,224,0
10579,10579_Wilson_Warbler_0073_175876.jpg,180.Wilson_Warbler/Wilson_Warbler_0073_175876.jpg,180,180.Wilson_Warbler,1,500,400,272.0,204.0,173.0,153.0,1.1307,224,224,1
10607,10607_Worm_Eating_Warbler_0057_176006.jpg,181.Worm_eating_Warbler/Worm_Eating_Warbler_0057_176006.jpg,181,181.Worm_eating_Warbler,1,500,333,73.0,57.0,286.0,180.0,1.5889,224,224,0
10623,10623_Worm_Eating_Warbler_0016_795528.jpg,181.Worm_eating_Warbler/Worm_Eating_Warbler_0016_795528.jpg,181,181.Worm_eating_Warbler,0,500,334,230.0,123.0,237.0,147.0,1.6122,224,224,1
10626,10626_Worm_Eating_Warbler_0013_795534.jpg,181.Worm_eating_Warbler/Worm_Eating_Warbler_0013_795534.jpg,181,181.Worm_eating_Warbler,1,500,333,177.0,103.0,234.0,160.0,1.4625,224,224,1
10628,10628_Worm_Eating_Warbler_0085_795540.jpg,181.Worm_eating_Warbler/Worm_Eating_Warbler_0085_795540.jpg,181,181.Worm_eating_Warbler,1,300,201,24.0,18.0,201.0,145.0,1.3862,224,224,0
10634,10634_Worm_Eating_Warbler_0063_795553.jpg,181.Worm_eating_Warbler/Worm_Eating_Warbler_0063_795553.jpg,181,181.Worm_eating_Warbler,1,500,359,7.0,45.0,464.0,304.0,1.5263,224,224,0
10644,10644_Worm_Eating_Warbler_0062_795568.jpg,181.Worm_eating_Warbler/Worm_Eating_Warbler_0062_795568.jpg,181,181.Worm_eating_Warbler,0,320,214,74.0,51.0,187.0,137.0,1.365,224,224,1
10657,10657_Worm_Eating_Warbler_0101_795557.jpg,181.Worm_eating_Warbler/Worm_Eating_Warbler_0101_795557.jpg,181,181.Worm_eating_Warbler,1,500,333,174.0,14.0,296.0,210.0,1.4095,224,224,1
10659,10659_Worm_Eating_Warbler_0023_176118.jpg,181.Worm_eating_Warbler/Worm_Eating_Warbler_0023_176118.jpg,181,181.Worm_eating_Warbler,1,500,333,108.0,63.0,276.0,187.0,1.4759,224,224,0
10672,10672_Yellow_Warbler_0011_176676.jpg,182.Yellow_Warbler/Yellow_Warbler_0011_176676.jpg,182,182.Yellow_Warbler,0,500,400,81.0,85.0,135.0,129.0,1.0465,224,224,0
10680,10680_Yellow_Warbler_0114_176201.jpg,182.Yellow_Warbler/Yellow_Warbler_0114_176201.jpg,182,182.Yellow_Warbler,0,500,333,49.0,82.0,337.0,234.0,1.4402,224,224,0
10682,10682_Yellow_Warbler_0034_176204.jpg,182.Yellow_Warbler/Yellow_Warbler_0034_176204.jpg,182,182.Yellow_Warbler,1,500,333,48.0,72.0,375.0,222.0,1.6892,224,224,0
10696,10696_Yellow_Warbler_0097_176538.jpg,182.Yellow_Warbler/Yellow_Warbler_0097_176538.jpg,182,182.Yellow_Warbler,1,500,357,55.0,45.0,248.0,234.0,1.0598,224,224,0
10697,10697_Yellow_Warbler_0063_176800.jpg,182.Yellow_Warbler/Yellow_Warbler_0063_176800.jpg,182,182.Yellow_Warbler,0,500,333,139.0,114.0,160.0,156.0,1.0256,224,224,0
10700,10700_Yellow_Warbler_0104_176541.jpg,182.Yellow_Warbler/Yellow_Warbler_0104_176541.jpg,182,182.Yellow_Warbler,1,500,333,183.0,113.0,193.0,167.0,1.1557,224,224,1
10703,10703_Yellow_Warbler_0042_176460.jpg,182.Yellow_Warbler/Yellow_Warbler_0042_176460.jpg,182,182.Yellow_Warbler,0,500,342,278.0,54.0,185.0,179.0,1.0335,224,224,1
10704,10704_Yellow_Warbler_0096_176586.jpg,182.Yellow_Warbler/Yellow_Warbler_0096_176586.jpg,182,182.Yellow_Warbler,1,500,481,167.0,216.0,175.0,113.0,1.5487,224,224,0
10713,10713_Yellow_Warbler_0105_176849.jpg,182.Yellow_Warbler/Yellow_Warbler_0105_176849.jpg,182,182.Yellow_Warbler,0,500,361,158.0,100.0,164.0,134.0,1.2239,224,224,1
10724,10724_Northern_Waterthrush_0089_177167.jpg,183.Northern_Waterthrush/Northern_Waterthrush_0089_177167.jpg,183,183.Northern_Waterthrush,1,500,327,203.0,95.0,151.0,115.0,1.313,224,224,1
10725,10725_Northern_Waterthrush_0046_176984.jpg,183.Northern_Waterthrush/Northern_Waterthrush_0046_176984.jpg,183,183.Northern_Waterthrush,0,500,389,47.0,19.0,437.0,358.0,1.2207,224,224,1
10730,10730_Northern_Waterthrush_0041_177199.jpg,183.Northern_Waterthrush/Northern_Waterthrush_0041_177199.jpg,183,183.Northern_Waterthrush,0,500,333,54.0,86.0,214.0,153.0,1.3987,224,224,0
10751,10751_Northern_Waterthrush_0027_177286.jpg,183.Northern_Waterthrush/Northern_Waterthrush_0027_177286.jpg,183,183.Northern_Waterthrush,0,500,333,114.0,70.0,206.0,144.0,1.4306,224,224,0
10754,10754_Northern_Waterthrush_0097_177045.jpg,183.Northern_Waterthrush/Northern_Waterthrush_0097_177045.jpg,183,183.Northern_Waterthrush,0,500,281,239.0,65.0,157.0,104.0,1.5096,224,224,1
10763,10763_Northern_Waterthrush_0050_177331.jpg,183.Northern_Waterthrush/Northern_Waterthrush_0050_177331.jpg,183,183.Northern_Waterthrush,1,500,349,81.0,99.0,170.0,112.0,1.5179,224,224,0
10765,10765_Northern_Waterthrush_0080_177080.jpg,183.Northern_Waterthrush/Northern_Waterthrush_0080_177080.jpg,183,183.Northern_Waterthrush,1,500,461,34.0,215.0,351.0,232.0,1.5129,224,224,1
10766,10766_Northern_Waterthrush_0013_177343.jpg,183.Northern_Waterthrush/Northern_Waterthrush_0013_177343.jpg,183,183.Northern_Waterthrush,1,500,361,102.0,103.0,283.0,221.0,1.2805,224,224,0
10768,10768_Northern_Waterthrush_0063_177346.jpg,183.Northern_Waterthrush/Northern_Waterthrush_0063_177346.jpg,183,183.Northern_Waterthrush,0,500,338,150.0,90.0,327.0,223.0,1.4664,224,224,1
10777,10777_Northern_Waterthrush_0104_177137.jpg,183.Northern_Waterthrush/Northern_Waterthrush_0104_177137.jpg,183,183.Northern_Waterthrush,1,500,393,39.0,163.0,272.0,171.0,1.5906,224,224,0
10779,10779_Northern_Waterthrush_0058_177143.jpg,183.Northern_Waterthrush/Northern_Waterthrush_0058_177143.jpg,183,183.Northern_Waterthrush,0,500,454,64.0,134.0,318.0,195.0,1.6308,224,224,0
10780,10780_Northern_Waterthrush_0087_177148.jpg,183.Northern_Waterthrush/Northern_Waterthrush_0087_177148.jpg,183,183.Northern_Waterthrush,0,500,375,77.0,79.0,368.0,250.0,1.472,224,224,1
10782,10782_Louisiana_Waterthrush_0027_177539.jpg,184.Louisiana_Waterthrush/Louisiana_Waterthrush_0027_177539.jpg,184,184.Louisiana_Waterthrush,0,500,333,111.0,34.0,131.0,133.0,0.985,224,224,0
10806,10806_Louisiana_Waterthrush_0040_795251.jpg,184.Louisiana_Waterthrush/Louisiana_Waterthrush_0040_795251.jpg,184,184.Louisiana_Waterthrush,0,288,274,11.0,47.0,253.0,203.0,1.2463,224,224,0
10814,10814_Louisiana_Waterthrush_0029_795262.jpg,184.Louisiana_Waterthrush/Louisiana_Waterthrush_0029_795262.jpg,184,184.Louisiana_Waterthrush,1,311,288,18.0,13.0,278.0,245.0,1.1347,224,224,0
10816,10816_Louisiana_Waterthrush_0094_795264.jpg,184.Louisiana_Waterthrush/Louisiana_Waterthrush_0094_795264.jpg,184,184.Louisiana_Waterthrush,0,500,389,121.0,79.0,209.0,131.0,1.5954,224,224,0
10819,10819_Louisiana_Waterthrush_0057_795270.jpg,184.Louisiana_Waterthrush/Louisiana_Waterthrush_0057_795270.jpg,184,184.Louisiana_Waterthrush,0,500,333,246.0,62.0,194.0,207.0,0.9372,224,224,1
10820,10820_Louisiana_Waterthrush_0001_795271.jpg,184.Louisiana_Waterthrush/Louisiana_Waterthrush_0001_795271.jpg,184,184.Louisiana_Waterthrush,1,500,344,176.0,87.0,310.0,243.0,1.2757,224,224,1
10823,10823_Louisiana_Waterthrush_0041_795279.jpg,184.Louisiana_Waterthrush/Louisiana_Waterthrush_0041_795279.jpg,184,184.Louisiana_Waterthrush,1,400,311,64.0,44.0,243.0,201.0,1.209,224,224,0
10840,10840_Louisiana_Waterthrush_0022_177397.jpg,184.Louisiana_Waterthrush/Louisiana_Waterthrush_0022_177397.jpg,184,184.Louisiana_Waterthrush,0,500,333,85.0,85.0,253.0,176.0,1.4375,224,224,0
10897,10897_Bohemian_Waxwing_0013_796660.jpg,185.Bohemian_Waxwing/Bohemian_Waxwing_0013_796660.jpg,185,185.Bohemian_Waxwing,1,495,355,16.0,39.0,445.0,287.0,1.5505,224,224,0
11310,11310_Bewick_Wren_0056_184834.jpg,193.Bewick_Wren/Bewick_Wren_0056_184834.jpg,193,193.Bewick_Wren,0,500,474,71.0,114.0,294.0,229.0,1.2838,224,224,0
11312,11312_Bewick_Wren_0139_184839.jpg,193.Bewick_Wren/Bewick_Wren_0139_184839.jpg,193,193.Bewick_Wren,0,376,500,52.0,161.0,319.0,283.0,1.1272,224,224,1
11315,11315_Bewick_Wren_0032_184870.jpg,193.Bewick_Wren/Bewick_Wren_0032_184870.jpg,193,193.Bewick_Wren,0,500,375,152.0,88.0,132.0,200.0,0.66,224,224,0
11316,11316_Bewick_Wren_0042_184878.jpg,193.Bewick_Wren/Bewick_Wren_0042_184878.jpg,193,193.Bewick_Wren,1,500,383,59.0,11.0,330.0,327.0,1.0092,224,224,0
11324,11324_Bewick_Wren_0107_184908.jpg,193.Bewick_Wren/Bewick_Wren_0107_184908.jpg,193,193.Bewick_Wren,1,341,500,80.0,173.0,162.0,197.0,0.8223,224,224,0
11325,11325_Bewick_Wren_0051_185425.jpg,193.Bewick_Wren/Bewick_Wren_0051_185425.jpg,193,193.Bewick_Wren,0,500,427,48.0,86.0,408.0,246.0,1.6585,224,224,1
11327,11327_Bewick_Wren_0066_184928.jpg,193.Bewick_Wren/Bewick_Wren_0066_184928.jpg,193,193.Bewick_Wren,0,500,333,197.0,67.0,275.0,210.0,1.3095,224,224,1
11328,11328_Bewick_Wren_0025_184932.jpg,193.Bewick_Wren/Bewick_Wren_0025_184932.jpg,193,193.Bewick_Wren,1,500,428,44.0,39.0,432.0,362.0,1.1934,224,224,1
11335,11335_Bewick_Wren_0106_185013.jpg,193.Bewick_Wren/Bewick_Wren_0106_185013.jpg,193,193.Bewick_Wren,0,500,333,132.0,62.0,220.0,197.0,1.1168,224,224,1
11341,11341_Bewick_Wren_0003_185072.jpg,193.Bewick_Wren/Bewick_Wren_0003_185072.jpg,193,193.Bewick_Wren,1,500,304,165.0,93.0,257.0,160.0,1.6062,224,224,1
11345,11345_Bewick_Wren_0034_185130.jpg,193.Bewick_Wren/Bewick_Wren_0034_185130.jpg,193,193.Bewick_Wren,1,500,332,72.0,51.0,238.0,225.0,1.0578,224,224,0
11346,11346_Bewick_Wren_0096_185139.jpg,193.Bewick_Wren/Bewick_Wren_0096_185139.jpg,193,193.Bewick_Wren,0,500,390,34.0,106.0,431.0,266.0,1.6203,224,224,1
11350,11350_Bewick_Wren_0083_185190.jpg,193.Bewick_Wren/Bewick_Wren_0083_185190.jpg,193,193.Bewick_Wren,1,423,344,75.0,49.0,324.0,210.0,1.5429,224,224,1
11355,11355_Bewick_Wren_0047_184707.jpg,193.Bewick_Wren/Bewick_Wren_0047_184707.jpg,193,193.Bewick_Wren,1,500,335,102.0,23.0,186.0,260.0,0.7154,224,224,0
11362,11362_Bewick_Wren_0052_184760.jpg,193.Bewick_Wren/Bewick_Wren_0052_184760.jpg,193,193.Bewick_Wren,0,500,376,13.0,89.0,315.0,262.0,1.2023,224,224,0
11364,11364_Bewick_Wren_0099_185288.jpg,193.Bewick_Wren/Bewick_Wren_0099_185288.jpg,193,193.Bewick_Wren,1,500,371,246.0,44.0,170.0,253.0,0.6719,224,224,0
11365,11365_Bewick_Wren_0014_184810.jpg,193.Bewick_Wren/Bewick_Wren_0014_184810.jpg,193,193.Bewick_Wren,0,500,400,208.0,125.0,157.0,109.0,1.4404,224,224,1
11382,11382_Cactus_Wren_0078_185899.jpg,194.Cactus_Wren/Cactus_Wren_0078_185899.jpg,194,194.Cactus_Wren,1,500,328,67.0,45.0,326.0,263.0,1.2395,224,224,0
11452,11452_Carolina_Wren_0112_186562.jpg,195.Carolina_Wren/Carolina_Wren_0112_186562.jpg,195,195.Carolina_Wren,1,500,375,30.0,164.0,300.0,206.0,1.4563,224,224,0
11459,11459_Carolina_Wren_0005_186109.jpg,195.Carolina_Wren/Carolina_Wren_0005_186109.jpg,195,195.Carolina_Wren,0,500,332,111.0,25.0,314.0,292.0,1.0753,224,224,1
11469,11469_Carolina_Wren_0031_186713.jpg,195.Carolina_Wren/Carolina_Wren_0031_186713.jpg,195,195.Carolina_Wren,0,500,375,58.0,67.0,349.0,260.0,1.3423,224,224,0
11474,11474_Carolina_Wren_0107_186972.jpg,195.Carolina_Wren/Carolina_Wren_0107_186972.jpg,195,195.Carolina_Wren,1,500,333,201.0,110.0,150.0,104.0,1.4423,224,224,1
11477,11477_Carolina_Wren_0060_186296.jpg,195.Carolina_Wren/Carolina_Wren_0060_186296.jpg,195,195.Carolina_Wren,0,335,500,17.0,151.0,289.0,261.0,1.1073,224,224,0
11488,11488_Carolina_Wren_0011_186871.jpg,195.Carolina_Wren/Carolina_Wren_0011_186871.jpg,195,195.Carolina_Wren,0,500,378,108.0,52.0,276.0,262.0,1.0534,224,224,0
11495,11495_House_Wren_0004_187448.jpg,196.House_Wren/House_Wren_0004_187448.jpg,196,196.House_Wren,0,500,365,141.0,118.0,257.0,166.0,1.5482,224,224,1
11505,11505_House_Wren_0047_188036.jpg,196.House_Wren/House_Wren_0047_188036.jpg,196,196.House_Wren,0,500,448,97.0,133.0,217.0,160.0,1.3562,224,224,0
11517,11517_House_Wren_0108_187102.jpg,196.House_Wren/House_Wren_0108_187102.jpg,196,196.House_Wren,1,500,330,125.0,82.0,348.0,218.0,1.5963,224,224,1
11530,11530_House_Wren_0085_187723.jpg,196.House_Wren/House_Wren_0085_187723.jpg,196,196.House_Wren,1,500,400,106.0,89.0,353.0,232.0,1.5216,224,224,1
11531,11531_House_Wren_0043_187224.jpg,196.House_Wren/House_Wren_0043_187224.jpg,196,196.House_Wren,0,500,307,50.0,12.0,395.0,269.0,1.4684,224,224,0
11548,11548_House_Wren_0072_187899.jpg,196.House_Wren/House_Wren_0072_187899.jpg,196,196.House_Wren,1,500,317,152.0,50.0,324.0,243.0,1.3333,224,224,1
11550,11550_Marsh_Wren_0110_188434.jpg,197.Marsh_Wren/Marsh_Wren_0110_188434.jpg,197,197.Marsh_Wren,0,324,500,52.0,274.0,114.0,118.0,0.9661,224,224,0
11561,11561_Marsh_Wren_0133_188565.jpg,197.Marsh_Wren/Marsh_Wren_0133_188565.jpg,197,197.Marsh_Wren,1,500,435,163.0,110.0,306.0,260.0,1.1769,224,224,1
11566,11566_Marsh_Wren_0076_188108.jpg,197.Marsh_Wren/Marsh_Wren_0076_188108.jpg,197,197.Marsh_Wren,0,500,375,228.0,117.0,201.0,229.0,0.8777,224,224,1
11567,11567_Marsh_Wren_0071_188111.jpg,197.Marsh_Wren/Marsh_Wren_0071_188111.jpg,197,197.Marsh_Wren,0,500,374,130.0,81.0,349.0,257.0,1.358,224,224,1
11572,11572_Marsh_Wren_0095_188371.jpg,197.Marsh_Wren/Marsh_Wren_0095_188371.jpg,197,197.Marsh_Wren,1,500,332,62.0,31.0,223.0,225.0,0.9911,224,224,0
11588,11588_Marsh_Wren_0069_188776.jpg,197.Marsh_Wren/Marsh_Wren_0069_188776.jpg,197,197.Marsh_Wren,0,500,333,26.0,52.0,189.0,212.0,0.8915,224,224,0
11591,11591_Marsh_Wren_0012_188275.jpg,197.Marsh_Wren/Marsh_Wren_0012_188275.jpg,197,197.Marsh_Wren,1,379,500,115.0,138.0,175.0,291.0,0.6014,224,224,1
11596,11596_Marsh_Wren_0014_188802.jpg,197.Marsh_Wren/Marsh_Wren_0014_188802.jpg,197,197.Marsh_Wren,1,500,375,112.0,78.0,168.0,167.0,1.006,224,224,0
11607,11607_Marsh_Wren_0107_188390.jpg,197.Marsh_Wren/Marsh_Wren_0107_188390.jpg,197,197.Marsh_Wren,1,500,333,127.0,111.0,125.0,123.0,1.0163,224,224,0
11654,11654_Rock_Wren_0058_189346.jpg,198.Rock_Wren/Rock_Wren_0058_189346.jpg,198,198.Rock_Wren,0,500,375,168.0,105.0,277.0,167.0,1.6587,224,224,1
11659,11659_Rock_Wren_0067_189152.jpg,198.Rock_Wren/Rock_Wren_0067_189152.jpg,198,198.Rock_Wren,0,500,370,113.0,81.0,137.0,127.0,1.0787,224,224,0
11673,11673_Winter_Wren_0062_189501.jpg,199.Winter_Wren/Winter_Wren_0062_189501.jpg,199,199.Winter_Wren,0,500,333,166.0,16.0,231.0,292.0,0.7911,224,224,1
11674,11674_Winter_Wren_0049_189504.jpg,199.Winter_Wren/Winter_Wren_0049_189504.jpg,199,199.Winter_Wren,0,500,375,164.0,86.0,140.0,212.0,0.6604,224,224,0
11683,11683_Winter_Wren_0073_190044.jpg,199.Winter_Wren/Winter_Wren_0073_190044.jpg,199,199.Winter_Wren,0,500,333,100.0,5.0,255.0,304.0,0.8388,224,224,1
11686,11686_Winter_Wren_0007_190052.jpg,199.Winter_Wren/Winter_Wren_0007_190052.jpg,199,199.Winter_Wren,1,500,500,119.0,148.0,199.0,219.0,0.9087,224,224,0
11687,11687_Winter_Wren_0063_189543.jpg,199.Winter_Wren/Winter_Wren_0063_189543.jpg,199,199.Winter_Wren,0,500,335,294.0,90.0,118.0,102.0,1.1569,224,224,1
11689,11689_Winter_Wren_0082_189549.jpg,199.Winter_Wren/Winter_Wren_0082_189549.jpg,199,199.Winter_Wren,0,500,400,83.0,51.0,337.0,288.0,1.1701,224,224,0
11698,11698_Winter_Wren_0015_190099.jpg,199.Winter_Wren/Winter_Wren_0015_190099.jpg,199,199.Winter_Wren,1,500,333,270.0,88.0,167.0,203.0,0.8227,224,224,1
11702,11702_Winter_Wren_0037_190123.jpg,199.Winter_Wren/Winter_Wren_0037_190123.jpg,199,199.Winter_Wren,1,500,398,175.0,99.0,210.0,218.0,0.9633,224,224,1
11719,11719_Winter_Wren_0116_189834.jpg,199.Winter_Wren/Winter_Wren_0116_189834.jpg,199,199.Winter_Wren,1,500,334,70.0,120.0,168.0,150.0,1.12,224,224,0
11731,11731_Common_Yellowthroat_0077_190990.jpg,200.Common_Yellowthroat/Common_Yellowthroat_0077_190990.jpg,200,200.Common_Yellowthroat,1,500,383,49.0,80.0,378.0,269.0,1.4052,224,224,0
11732,11732_Common_Yellowthroat_0104_190489.jpg,200.Common_Yellowthroat/Common_Yellowthroat_0104_190489.jpg,200,200.Common_Yellowthroat,1,419,500,75.0,57.0,287.0,371.0,0.7736,224,224,1
11739,11739_Common_Yellowthroat_0028_190527.jpg,200.Common_Yellowthroat/Common_Yellowthroat_0028_190527.jpg,200,200.Common_Yellowthroat,1,500,493,125.0,71.0,238.0,373.0,0.6381,224,224,1
11765,11765_Common_Yellowthroat_0126_190407.jpg,200.Common_Yellowthroat/Common_Yellowthroat_0126_190407.jpg,200,200.Common_Yellowthroat,1,500,333,49.0,27.0,318.0,241.0,1.3195,224,224,0
11769,11769_Common_Yellowthroat_0018_190904.jpg,200.Common_Yellowthroat/Common_Yellowthroat_0018_190904.jpg,200,200.Common_Yellowthroat,0,500,389,100.0,115.0,218.0,131.0,1.6641,224,224,0
11771,11771_Common_Yellowthroat_0021_190655.jpg,200.Common_Yellowthroat/Common_Yellowthroat_0021_190655.jpg,200,200.Common_Yellowthroat,0,500,281,168.0,107.0,245.0,147.0,1.6667,224,224,1
11779,11779_Common_Yellowthroat_0070_190678.jpg,200.Common_Yellowthroat/Common_Yellowthroat_0070_190678.jpg,200,200.Common_Yellowthroat,0,400,500,211.0,79.0,129.0,279.0,0.4624,224,224,1
11780,11780_Common_Yellowthroat_0040_190427.jpg,200.Common_Yellowthroat/Common_Yellowthroat_0040_190427.jpg,200,200.Common_Yellowthroat,0,500,400,44.0,114.0,269.0,230.0,1.1696,224,224,0
